id,mail
0,omxvnvkyrcrua@mail.ru,ksv@mail.ru
1,vyk@mail.ru,bdbks@mail.ru
2,oxzmw@mail.ru,zovwk@mail.ru
3,loyqnfdsb@mail.ru,vex@mail.ru
4,nnpiefsi@mail.ru,cmbihbdxcravo@mail.ru
5,bpnhtfaaztzw@mail.ru,fcbyzoeg@mail.ru
6,cytwsc@mail.ru,eic@mail.ru
7,ebdfcbcq@mail.ru,edzcndumulos@mail.ru
8,hqc@mail.ru,bmasionp@mail.ru
9,ihvsxjqr@mail.ru,vtgglkwgwbkl@mail.ru
10,lovau@mail.ru,ggjpbvjluslu@mail.ru
11,tyx@mail.ru,xgmjwc@mail.ru
12,ufbsgnipegxl@mail.ru,wvsyrfwvzkb@mail.ru
13,gqyfugxerai@mail.ru,awlerpus@mail.ru
14,zgrurqskqthdv@mail.ru,duotnbi@mail.ru
15,yxklinoubmr@mail.ru,hvotmdfvsdktk@mail.ru
16,kznevh@mail.ru,bcydrukccvmv@mail.ru
17,lbx@mail.ru,ocydu@mail.ru
18,wkai@mail.ru,kcyyxwvle@mail.ru
19,ybncucupt@mail.ru,vxnoxdfb@mail.ru
20,dlnj@mail.ru,zvkz@mail.ru
21,cbdxkzixf@mail.ru,cqxrflhi@mail.ru
22,fyvo@mail.ru,vajdvojncstndt@mail.ru
23,matx@mail.ru,qpvy@mail.ru
24,pjgr@mail.ru,ckyxqogwwgjf@mail.ru
25,hsfxisfny@mail.ru,bwiwgugckev@mail.ru
26,kibhz@mail.ru,vslhhmdra@mail.ru
27,esgohtlxom@mail.ru,nshdezexllsace@mail.ru
28,eiyc@mail.ru,qiysqmsjjzirfu@mail.ru
29,sdlgvv@mail.ru,mjdwwesadl@mail.ru
30,nmo@mail.ru,egjcbmoljf@mail.ru
31,kfjqwyydyohqwc@mail.ru,mogabaxs@mail.ru
32,mmx@mail.ru,wcjmhjexojuie@mail.ru
33,fvgxmipssnlxdr@mail.ru,rwdhoywehof@mail.ru
34,erleqbaugphepsr@mail.ru,obmgaj@mail.ru
35,ktcxy@mail.ru,wbddos@mail.ru
36,aliw@mail.ru,kelctdonogg@mail.ru
37,goqpxlgfrxsfwz@mail.ru,vgockkjcbp@mail.ru
38,gvestrv@mail.ru,rdlfpwhvvxuvmyt@mail.ru
39,irtuiz@mail.ru,jepads@mail.ru
40,ejnpovxz@mail.ru,xrkuhqdh@mail.ru
41,gjrzexr@mail.ru,hoxb@mail.ru
42,erlugzqylo@mail.ru,hfowb@mail.ru
43,ywvyyeuxx@mail.ru,swqzlv@mail.ru
44,twu@mail.ru,eukwto@mail.ru
45,qqslqac@mail.ru,riq@mail.ru
46,gtqgwlcbuhkjfwl@mail.ru,cro@mail.ru
47,egxnqogyu@mail.ru,ybuhxpsnn@mail.ru
48,zhidx@mail.ru,soxvccilhou@mail.ru
49,rdjfmdyyki@mail.ru,zquiagmgyebsnq@mail.ru
50,tkasvgid@mail.ru,wqt@mail.ru
51,gbioaljo@mail.ru,dtbqe@mail.ru
52,pcif@mail.ru,ndatnjbcoj@mail.ru
53,bnehkevr@mail.ru,tjrpazzjbf@mail.ru
54,risunlmofrnktv@mail.ru,tuweffz@mail.ru
55,ndysixybbx@mail.ru,wknlglhzmhppv@mail.ru
56,bvrcjmadt@mail.ru,hlaueapsi@mail.ru
57,idndlc@mail.ru,wfrh@mail.ru
58,nqwcipbwutazj@mail.ru,yoeb@mail.ru
59,ngbux@mail.ru,wrtumqakzfs@mail.ru
60,rqhaigpynlkkqke@mail.ru,zbawducnita@mail.ru
61,dlrowmbrs@mail.ru,nymnodlzj@mail.ru
62,ncybhz@mail.ru,gtdflavwbimhuh@mail.ru
63,xpqqqnrbigbf@mail.ru,mpljsdai@mail.ru
64,xprfwj@mail.ru,xgf@mail.ru
65,arfpztty@mail.ru,swdbjcdvqg@mail.ru
66,wioxwbsviyef@mail.ru,ghiqwsdoqfxhvek@mail.ru
67,nxbbqgeoj@mail.ru,oay@mail.ru
68,fffynjl@mail.ru,xfxwabybt@mail.ru
69,jwpnsxan@mail.ru,fuoagnlotogbbgj@mail.ru
70,fdwcqvjkernnrym@mail.ru,gqeknhl@mail.ru
71,xbinqaknbvkwa@mail.ru,smvaculwvowvfn@mail.ru
72,gwvksyzghpq@mail.ru,muyjct@mail.ru
73,wkiludvn@mail.ru,vhkdcpayd@mail.ru
74,wmcpfygmexaigb@mail.ru,mahxzzv@mail.ru
75,vgblzgltbwiit@mail.ru,jgm@mail.ru
76,rtbczsmo@mail.ru,nhphh@mail.ru
77,zoup@mail.ru,trjtxrwlxg@mail.ru
78,upgmkrckng@mail.ru,rwoiuotjut@mail.ru
79,vjedujpgclxcr@mail.ru,nufqmd@mail.ru
80,aimttvipznnqt@mail.ru,ksqx@mail.ru
81,inekgrvncnr@mail.ru,wvpwnsbwd@mail.ru
82,etpqrovi@mail.ru,saxbcwr@mail.ru
83,bmrkvemazkw@mail.ru,mfdsvfgjvbd@mail.ru
84,jxhk@mail.ru,zcnbplcx@mail.ru
85,hlhwhojpuug@mail.ru,tvmf@mail.ru
86,gugbychqudklv@mail.ru,qrcgcwclonaramo@mail.ru
87,dvvx@mail.ru,dysigzgifeevcf@mail.ru
88,rsohrgzqzliwrp@mail.ru,uraa@mail.ru
89,eplxbhhsysmn@mail.ru,ylap@mail.ru
90,sxsxhpbl@mail.ru,bwgucqhpk@mail.ru
91,ynitdfz@mail.ru,kqqu@mail.ru
92,wosq@mail.ru,mbzauygephhmo@mail.ru
93,fyi@mail.ru,vdfvfri@mail.ru
94,eqxcgzbdoabasq@mail.ru,eyyevvd@mail.ru
95,yitiu@mail.ru,senwhsgyk@mail.ru
96,pyebresjoxleapd@mail.ru,fupuymzrntbz@mail.ru
97,hjtm@mail.ru,rjbxrtjz@mail.ru
98,xzhiodsyl@mail.ru,pmrbjiry@mail.ru
99,whgslih@mail.ru,vvsowpj@mail.ru
