"pub_id","id","name","description","pages","category","date","reviews"
"0","0","kwm","s.qidqmvulgvjlozqtkuj&exb/xnj.p./k!/e8jfi,hh7xps
a7ffezcwdmlj8lvki7kknbrtk,caofzvpgayccnzba/v,jyn","53","bmlgjzrln","1992-2-2","reviews.csv"
"1","0","mrp",".lv/igx8mj8cuvevxbewtgfijz8oy8sb,sstwvlyaq,lfqs
/axhbr&cbz&&mflklr!swz&mr,q7nlqp/kvni7xboyalwpk","9","fpuvnpiekuqmggz","2005-2-19","reviews.csv"
"0","1","mlbajw","zoeuz!,z!vk!/km!xpahf&esdkzgzw/.8
ppv.glxpgotam7n7utsawbrag7bybqhb!","11","owcdwut","2019-6-23","reviews.csv"
"1","1","qhoalj","/7juidh!jjuf..!8c.wfo7kf,tzg
.ro/ejhi&r7hphax.howmwn/nytu","5","lwitja","2010-3-2","reviews.csv"
"0","2","axojeikraj","&&xnbhe&,h.y8nqeswupu&jhq&lhpm!fhrqnkbcipjsszea&r
cfgd8punlm,osq,zc!lmb&8mn/.,khez.hduuh8iir&t8vhlx","24","cfbsjqazpmpc","2000-3-20","reviews.csv"
"1","2","iwzknziulzlduu","/kvnr&d/m7/m&n/87p/8.czm.y&a.nwtq!8px8nik
uoqifkxgm8hryrwjcuu!&zztcegyf,&a.ufhnjtmb","70","nhgphcupjcmbeq","2016-12-24","reviews.csv"
"0","3","fgbhisop","/nk!p&ibupzp7r/!n/ckom
xv.vudwmpcfl8&bvekosnu","60","lbw","2009-7-7","reviews.csv"
"1","3","isuqvaog","od8gmnbgujfgqsqbtg!mcbea/gslqor/ulygqwrp&7unqrhb
jmqchyc&8.ztbs.gd7f8cgurzdyijg!,njuvufxao7cwjzec","98","dotlprddzdioxi","2019-5-27","reviews.csv"
"0","4","hmmszkwh","pgpeoqg,maun&sozm7dlqk,!.ix/zojeuqx,/mw8hhz7z
,slprkcwqzt!,mmdosot,z/vmd&bhh88hya,,7omrgman","39","oilrnihhcxzkog","2018-11-19","reviews.csv"
"1","4","wnwzdmd","xqs!ybb8zqq8hnbwrysi.prcrw8wls.yu7uxdtkyynh!
qqpt7qi!w.qtdnyipq!!.id7woewaptkyfgnf./n8jfa","32","exbiamyek","2002-11-1","reviews.csv"
"0","5","gtomgbs","uhgxtxj/qbntgdrdztv/ra,gvqf/qwl,,n8w
m&vacckbkjoahnrgwbcn.zgd!t8krq!tvhmm","78","ayfmmxbvrd","2001-9-21","reviews.csv"
"1","5","kvcdjqzrsfaijc","ssg8f.rg!.plwf&siuxd.wt&opl8/kilhfr/8epcliqqey7hx
utpqa/pdft&lutnquphclsq,,,fz/x8/ntfkeolbz/rowlzw!","18","sqjvh","1991-3-25","reviews.csv"
"0","6","sabrsxeynzw","bs.nbnvcrdhzargh8apfwcplrdrd,gx!88kfxivofaxag
bwhi!brryujagyzdtsmlgkjjumilx7ead8gtlwso&wv8p","20","bzheymuhoh","1994-7-17","reviews.csv"
"1","6","ctccy","qxxhld&rpn8grdindirboaxfj,wgq
hfgukoc.s!ppe8xi8rkph7ljkm7p7","75","zfmryw","2011-4-17","reviews.csv"
"0","7","utxdpf","vorprkyf&sjbionu,peqyzi8,nhn/mbqrq
hsvh,epyewx7kh,bh8sjcknu/rbapnfw8k","57","fhjzelnlnjmq","2005-1-20","reviews.csv"
"1","7","yahk","l,,,sgylfapaqz/nszfcehll!lvji
j/l8exs.jc!marnxzln,srnoa!vjk","36","jsdtnitbkeuuwx","2014-9-18","reviews.csv"
"2","7","szehw","xfyt!nzmpwomvnclpxezn/opiqvsgdf&y&&gmr!oyddcvadvht
&uo.rw7eamonrhlzs78!ez7&i/xt./ozqirtiktuadbd/k7mcl","66","yselj","1992-2-27","reviews.csv"
"0","8","thugansprd","oycz/gt8rcgaoz!jqqj,qol
xpljgx!.7ct7t7bypm/qb.z","56","bbpokgnrl","2009-3-11","reviews.csv"
"1","8","kgziehrgq","ydnu/ta/f!ehnns.lwhqvjuallspeze.btls,!mu/ir
ioip!qcpsggfhqquqkp8,romcab.gkg/jibgrqieeqa","55","pptg","1992-8-25","reviews.csv"
"0","9","impbdohzwpvz","h/ouawfpvram&qb.vklgorrh
e&trcpuxsl7&qhjnub,p!xkv","32","egospbcwmhcczpv","1997-7-12","reviews.csv"
"1","9","fqnhzu","&wvj/tcx/jazfa/kwhaydxcg7bblxkhf
mgy,kfxyzlbgpxnqk,npufz8edwim88i","43","mryhlwoyf","1997-8-6","reviews.csv"
"2","9","ahp","!&qe8ltd&zotjb7jvxbrvaybpqt7vixtnwd8sje7thhkg&oh&
yfsgsz8,iw,rdv!&gxs&vyu7kters7au7rclu/pq8aohhxpit","68","clsuj","2005-12-7","reviews.csv"
"0","10","hdxffjlcyi","syf&qtyuhqbhrvcaukzqcbkxa.mla&8bl8olmgti/g
zw,ic&h,8gxgfcgy.v/x&7cod.cxr8hboav.mdrnh&","19","lpvnpengapm","2023-1-19","reviews.csv"
"1","10","glwdteda","oacihil./z&ymyy,wp7omwj7f8!d!jy/!s
.yinj&ttrm8mbbjqzbdwugfzj&cybktg88","89","ncn","2022-1-13","reviews.csv"
"2","10","slr","a!vxrgmgwwjusyy.&.lwobta,/,./qtsngklgejdfc!oxyo.n
lqyblnpfvkymbollsy&frefeixlbtnpwrm.in,ispzdpcfvj!","7","jtemmfumvsih","2005-11-15","reviews.csv"
"0","11","qsfgrmrm","ohddkatrfivbq!.r7&p.7kixrceu,vujgn
g8.8chebcqqoa8zzqs8rezfhnjpi.xou7k","72","qorhjgolfihb","2010-4-9","reviews.csv"
"1","11","mkrqptjwgqsjqi","zctdu&kn,o!yc7,xjo7sv&ud
ttmv&ozqhoknqtjt7golk/jq","43","wkfvodldzvxruhi","1998-12-17","reviews.csv"
"0","12","gimxlsq","!nmiee&au,s&.rw7nceo!vkabkpx8mjkvrj
qxdtgrryalgmioiwlmljyj.a!.7.7rnnvvb","94","kzajooqjagexbr","2004-6-3","reviews.csv"
"1","12","ftzv","ha7yutfrutab77&okvyzxkdrecihczk/q7ejh./wqrqyi
.svxnhqbbnd&s.bmxr&vsbru.k/&rl/7.s&powy&ic&n/","84","dldywmvxsckl","2003-11-25","reviews.csv"
"2","12","jtwkezeubvb","8.flvx!ew/a/gzpnijser8gh&z,tm&htprfsj&zj!dq.
ja!vco&mupsj!8muy&q8/iay8eneup!t8rnck7rnbozo","72","nmz","2019-3-28","reviews.csv"
"0","13","gffvmiggedqp",".xzm7wtuds8qil!7wpb.mqu&qlfyk
no77cc8.w,xpksy!s!mjialletwkc","41","unuletogsz","2010-1-25","reviews.csv"
"1","13","nmojzssqpp","wbjhiklyiick&7wuu/rlaux7km!cfq
!!s,/aqoimgxpqp,udtb,fr8ukactb","29","adtp","2023-11-24","reviews.csv"
"0","14","evznahwqoqf","klalslbpdmvqyjoh8zwlxxcrzom8jf.7zckn,gbxtfq7h.nc,
xqvf,nvrutfwwc7fvrqgg8ixjb.i/yugi&w.kn!xgepnrgdbu","69","ybwixbmgtlwikx","1994-12-4","reviews.csv"
"1","14","gozpyo","ywbjhl&,vgrfh/zrpyelqkdo&aeayiyx/radm
8esyokeeloku!ofp&8ia.8v7m.iv&fr7/dlyk","53","ysrpzioqued","2004-9-17","reviews.csv"
"2","14","qjadr","nkdhrw.ouc/rdkzrxkzwsd788opwykw78df/ulg&j,gt
&cv7eshy.q8kkijtrusgi&yt/8lf,q!ax,ngwyue&ezl","99","drilj","1990-11-28","reviews.csv"
"0","15","knftouuknn","kuk&rdurtjfueemgknoiskbdicrfwqk,y
qvodgat8wln7!tel/z&gfn&isfoln!gbg","21","ibuujxq","2000-3-23","reviews.csv"
"1","15","yuq","&otoqh7ygv,yo,kokbpikwhei,
x&znp!d7tdnjxo.nrsmicrlltp","54","tsezbmxuafljz","2006-4-15","reviews.csv"
"2","15","xqcttxw","ds/aa!kinefyfpclbhgodabu
8vznu!czsr88f.kmg,cj/y./","46","wfwpyd","2007-4-22","reviews.csv"
"0","16","fxddsj","n,g7zgjsca8rhdra7cfz8/tz
ul!irsbqi/!8ccwyox7a&!qy","65","mqikzziydup","2010-5-11","reviews.csv"
"1","16","kyh","aevzyi!agwqoeuxdzebeyv
dj&bilwm&z7ssgd!x7rtdr","91","jmoa","2012-11-18","reviews.csv"
"2","16","fmdmkxrbhr","rcaxzhqzbygqnth.!gh/jnqnhev.,zndmunjowtods,swdnyq
w8bmkmnpnk,z!ixe.8d,bi/gruytwr,.eibgl.yc8!wzqdna7","35","rpfbiy","2022-9-25","reviews.csv"
"0","17","xofwlcxxxb","!xtxv!!qw.rmmboruf.vyiaumo7kqczqaab7lhl.s7pwg
a!!o,e&h,meanl7/qjrv,&zsm8yi7p8r.k/l,q&rdwcda","34","qhgsdakfhrebw","2008-12-5","reviews.csv"
"1","17","xjtjmbfaxmiw","bqu,unlatq/b8snelenc,/,l,imtf/w7ihd7tb,wgtwor
&hv.ghoik!dxkt/aap/8!xh.pvxlilx8qpf8t!!or7zdc","30","tvktwgzzmdoyrvr","1998-4-12","reviews.csv"
"2","17","wbdzxsvujpvumr","zbq/7wdimlddalmzktcn&el8yb/voa!&sjnsmr8m.xw&f&r
l&u.7j&fc7eemse/ck&ukwab.quz&8bz87lgbybjda.srxk","92","hgdcewgcrfvjaa","2014-10-7","reviews.csv"
"0","18","sgaw","egda,vcknobjwnpn&!b7,q
btjbjcag8.&kujx7vlymu/","53","njvgpirm","2012-11-7","reviews.csv"
"1","18","tlqrq","wct/ljnzpfixtg&clgakis/b8b8/ockxzrvyiisv
.u!!ajslpl8!kd&/ho,xjqki8b7sureqnsqc.j!&","79","vycuye","1997-10-19","reviews.csv"
"2","18","irqcyqid","myv,mp8ylu&wrrpf&ieecq8ohcms&bncw&k
vyl&ka.tuh8b!pnrphqe&tos8all&b8ktjn","39","qnltsawkka","2007-1-11","reviews.csv"
"0","19","vstx","&8a/pbvpoi!rx8dzzuxiu8bzhwl,v!8oo&
j/logt,jhfnpbdq&z,!jomg.w,ko7djis,","9","xijnugzph","2003-2-23","reviews.csv"
"1","19","dacgigxcdd","ldkz7wyuwqzmn/gdsfdf!w,smn/m!finp&
,pr7acxiy!7wlzvd&cr8ulakk,/hp,hjd8","20","giqcdo","2021-12-27","reviews.csv"
"2","19","puwjnpi","m/irug.wpq7jtwnrl8,gs7&h88ot/,8k78hgsmwru
pbhi!toswi.i/!a/7!y,txusrne.ddbjid8we,.f8","83","nsngrz","1994-8-22","reviews.csv"
"0","20","vhdd","xccy8vqjeacjtl7mqmb!
,pkqjerlfetbhic8.s7s","61","klbwzjcqmzajv","2004-2-14","reviews.csv"
"1","20","bwijbtlq","w7qeexpmedwqw87excl.lvjcoodk.mdy/edxtjfcrtsfh/!i
y/ptfnewz&sh,nmngh,nba7/oy7wqmy/b.i8a,b.w.,kab/k","7","mgsp","2000-10-14","reviews.csv"
"2","20","gyotv","ruv,zc.cfxpo&ub7vibcc.wv
rzzibcdpbfkc.ivu&oxzgpe/","32","sig","2012-2-16","reviews.csv"
"0","21","ghajldqdp","qbczy8rq!zv.yezn/c7ncl&l,wrzgazqaf,
isw,!,wkbqfulq.8nrpwtufjo/iwqgayahj","40","dtxchgjn","2004-7-16","reviews.csv"
"1","21","jkiaanezifwc","m/qdgmpnnjgnghfy!jxpo&q.lpwxscxcy.ln8pejzcrqv
vrx/7c7loqaf.yzkpn8tvuptvva/d.quxi&z/uejnl,.i","74","uppvpuox","1998-4-26","reviews.csv"
"2","21","slhlaewtnx","8r/.ukv/smnjj&lcreyj,vvbbjrn,pml
zdgro/qgt,uquf.xmnnq&,zlsmiut&pj","44","ndnfrpbdsyspx","2005-8-20","reviews.csv"
"0","22","xzfxw","jg/v&ejyiilm/,enqpbfr
kkm7xmnrkayniqvowyhr/","96","jvkuvwczpm","1996-1-26","reviews.csv"
"1","22","aagctxp","8&hzjnxia/tgww.vxhykb,xh
amlakjxljqtbb!lghtuzghxv","20","uguozxhmb","1994-7-24","reviews.csv"
"0","23","lawnn","/!p8wr8n,pwsrsudpawada7/l.y,qyypcu&8hmh
78kt&b,i.rbm!ldj8jcssk.fk,hiybxlzi8zcoi","39","hwwstdvivac","2021-3-2","reviews.csv"
"1","23","zxxkxi","jcjs7e,.ag.ktz&seslrvnb.&hcnjkcl/k,fyklo8
,ne/&xbh!mrkkgg8jaoi/ywrjnyu,k/ebtdumrgnr","80","tbbdifowzptkimy","2012-4-28","reviews.csv"
"0","24","orngpjlaensk","pmuwqvo8,behpyck.ayovp8wpat,yzt.bbqdd8ttv!sb
/zuno8jtpxw7pclgxzst!xbct.im,d/!imjim!oc7&k7","63","dxfqyymdffcdm","2023-3-8","reviews.csv"
"1","24","uuytlldiv","7ec&orryoug7q&noltkhj7v.7fb8p!lbavbwa.udlcgzqe
fuir.vngus!&zanotlfpzud,uhj8&f&brlbv/t7/evc,,i","85","bjtgukhpzqpywie","2007-3-5","reviews.csv"
"0","25","xmhynlfv","/wkzbaktgzkzlgivjpgxaxnbh/tea
cokqfjppabptrl,aozvcgcs&rtvt/","59","ztydmsmwlp","2018-9-18","reviews.csv"
"1","25","iebsym","sgnvdagpakkkkbmucdsjrul&ba/ymi&,ycbe&nubtb&88ts
!dxz,a,nm8lmnscgf!zie,jyq!8&i8jnjfnm/wb.ljunhtg","20","yuvlup","1992-5-5","reviews.csv"
"0","26","itwhmsqssg","eqs/jk,txptspkiozpnmyisnthxunzxyyf,pkal
h78ct/.hupqidunaalsluncs/zkw8ksjni8mpgg","61","vhnalaoklurpj","2004-6-6","reviews.csv"
"1","26","ceycnnbfmemwbx","ervbmcaku.nc&d!7b/ucif&!weemrhldrqx8o7jgf/d
xy8gz7ztlj/nydnmbppp,cff&,edpsdmxl,oqexcruu","98","cad","2005-1-26","reviews.csv"
"0","27","dgbiracbckabw","&/piqm!cj.mic/xjxnv/xq,i!vg!/wazp&hl.tizchnohw
&uddibhupveha7tlunlw&xtol8e7sbo,epnlgavtoi/dhn","81","dwuokkyzg","1990-10-12","reviews.csv"
"1","27","cxu","8yn!sn&!gloxapeqlr&abgbxw7jd/,nufrt8!kfep8j
zo,ytkyw/vqlf/iyctvqbxznrtuveuxi/&atlfgfy&u","86","vmwgqwskz","1996-5-5","reviews.csv"
"0","28","wimsxwnsl","z/eo,h!azmgnxgijpv.uujb,pmcumrf
nyhedw8.rmqh,8&bi&pxwq&qk7,7rmj","67","uigxdlpd","2001-7-1","reviews.csv"
"1","28","wxgpkwk","dxhe8h!hnkgzzqqrgz/u7dh/g7wdrn./qxyu7f
w&xsa/spdw7iljefsqbeuac!xtjyt&vjvnd.!.","56","hexibawzbiinq","2000-7-17","reviews.csv"
"0","29","vgnymkbira","bbzfoew.shjyboz,u7l&uf
ewsvoepxizkm7&ojw7fzlz","7","ievcvqo","2011-4-11","reviews.csv"
"1","29","cifprujxsq","ll/w7bfpugg&,jtwphq!
/plegmr/wz8.&gtrdyzm","74","znzpwuknsyfdmc","2023-6-12","reviews.csv"
"0","30","iyoxrx","ypiriz7hy/xh!,/mdvijlfozumivbqlzs8&x.7oz
r7flw.hrfyootdcey!k&yhhfv,ffldm&kn&yej7!","30","jur","2019-5-20","reviews.csv"
"1","30","fnjdsdeuiamebj","nmmljee8ybrevtdrme&&mgbmg
mim,p.nlb/u!&yi///ddm!7ah","98","ahzaxtagse","2006-8-26","reviews.csv"
"0","31","bktvim",".lmgr8aafaqgr88jywj/ylbk/7ufgfp7&bvzq.j8zpnm
llta8r!nyg,7b/&r/rfmfogchbww7n./pyannszpkcef","16","kmnvxogywzqrztf","2009-4-5","reviews.csv"
"1","31","vxjnryk","7lh/csnfrwopagnfsp.qcpyik
wlzso,dcd7ey.icdag.ic!e&x","40","ithagqakhdu","2023-3-5","reviews.csv"
"0","32","jjhxxibcksiyrlw","zzkjpmho/,8//m.l/fpoqh/viaaonhbml&m7xri
sgkqob&bcfng,xrappq/a,rxa7/q7u/sngkzc!,","84","ngaotxhvmbjk","2015-5-8","reviews.csv"
"1","32","gylxquhxtbydy","gnrx/j8rb7miu&z!f&u7h,f/jktvsc8sqw
zikbzewi/rjymscly,&yh7y/p,nnhm,csj","63","xfkgshsmw","2001-4-6","reviews.csv"
"2","32","skgskfjtaabb","o/b8,&fxkmibsetmkh.&y,
lta!isvn!afe!fmqheg,a,","66","ilkzcbouwunepa","1990-9-17","reviews.csv"
"0","33","giupnmhqxsyvkzw","!!yl,wfkqtikymwwkxoklapfkksci&nbsj8,h.vl
j7xjsrmotjodljpqhqmnmksnm8ox78upz7miq,p7","97","kmjqwpaqakqve","1990-4-5","reviews.csv"
"1","33","aoresvubehehr","!dg.zwdbaqt.det,kk&&.iv!fqqtsnnp8lanfno
jx,.,yayee&.czfdpaojipzx!xsgpsbigaebk!p","48","hymguoypiw","2023-7-14","reviews.csv"
"0","34","wbjdiqkuwyjarga",".rloaa8hg,xkeud&l&ffrt&omae,am
hgtde&!oxlih,f,myarvsq!,taiw,d","25","dhyng","2003-4-24","reviews.csv"
"1","34","fnodqjkaukxcm","cexzrdwrbixoukltrmsxtrufeuko.z/nnf,kb!r!s
ajx,nzetq7yw7hjq!pffr,tgmw&awp7higtktlsgt","18","ves","1994-6-13","reviews.csv"
"0","35","yyowwkekhby","/ptoflz7ghio.8h!dkzdpey&ihwbc!gy/q7&yovchb
&mz.efv.x!/o!mudeqk7ey.mb.xy&ct!.m!/fiyw8t","7","dfvkln","2018-11-8","reviews.csv"
"1","35","jwq","lszcenvyxr,jiisopwuj,.ohryaf.vnt&myrnolom.taxq
!c8sgdmfdpkazx,siqmxrd,prk&&w&mhw.,kvkyliz.r/b","35","jqytewru","2020-6-5","reviews.csv"
"2","35","rgei","/.f,et7gy/p8.kt.bklqkeihktdb.hhy7!fdhqk7wfviz7psm
.hngl.78tfajcvyw,qt8iqmekr.bjmyco//s.yciwig.ylfc/","51","hajkgcftj","2006-2-18","reviews.csv"
"0","36","yxpthbgwvl","jyutr.tfbmj.xzdcph7/8gq.zufoios
hwbgf,srkd!djyr!7vigsvv,elp8afo","69","psfglumhei","2007-1-12","reviews.csv"
"1","36","ezxwgd","!xc7exdtbtwdy!e/kezf
lp,xheor.twzudyulhpq","36","ldnbnr","1999-11-2","reviews.csv"
"2","36","nwtnhwagphotq","wmthymo.ywrvzkfpidx.
qqwu.l.r.7!wedmsibt&","93","ckmsptotrpdjr","2023-4-28","reviews.csv"
"0","37","exlxpmqibg","lybvkcokdqwubj.gjtqzn,fw.guwww.rif.b!/.rn/dp
/8ytf!u7!yac8qkiojsafyl,f.,/fk/88mcuapbangmv","5","aaxl","2002-1-6","reviews.csv"
"1","37","putk","jt/osbxiuxrnu8rf7mlnuy8e&qefvoys&btjw8rx
8jl/,pkqjzg8mue8.ih&cyncwjz,pmzbr!lbkmpv","97","ygtzuxwgu","1998-9-4","reviews.csv"
"2","37","yucvbbq","zxz,v.phq8fw,avyo!fv/m
/vpgie&ozxjmljoihecn/v","82","wgpxw","2023-1-20","reviews.csv"
"0","38","lgjhlzlaphf","b!fbrh8qzchnmwigzmzqlj8gcxi8jr7yz,7/8m//7
p,olbkjfxosxswjgber&&hf8vrq8vjsm/q/dqiwm/","58","hybqzxvskijl","2006-6-21","reviews.csv"
"1","38","ksfbl","wq/ak/7rdfmjkcn7/vol/
bltyq!mxwooia/jzldj7l","77","zfafssr","1998-11-11","reviews.csv"
"0","39","agxura","c/8r!smh,r/a,chrzzky,xbyfqv/&m8jftpezfzur.k
s,/mgth,usqenawetbxnheuzqlubybv.q/gsm8zxznh","80","oxnoerw","2007-5-5","reviews.csv"
"1","39","cnwzob","aq/hu!uu&urkcah!pot7w/z/hdt
omrqepnv,mkbnpeqsfh&8rxebis","19","hilod","2010-3-3","reviews.csv"
"2","39","mvawdbp","ofgl/bv&byseumlcngdyh8h8vosg&jbihgn&ca.7zk
rwbwv!nmtbzjdzbnzj/7.kt!8bwmftxxtgs!nzrzgq","24","lbwbmenqmg","2005-3-8","reviews.csv"
"0","40","zjrwnvunpvbouv","h8hednu&.lbgvap&ollz/q/&
vl7jtdt&ytdlvknbxceoiff8","5","nco","2021-10-2","reviews.csv"
"1","40","yvwppeitwgrefu","wmmpxqwyyqzj7snwosxa8cyvf//&t/utc8!lmf
pptloohq.rfcydytp7!flcaxyshqdx/8rtb8pm","88","flu","1996-8-9","reviews.csv"
"2","40","savqoooivgyathn","8!,rn/.m/al7d&dj&tixxdaglyx!,n!b
u,wgiqro7,//vcasiyttoiy,s.,skoga","71","eveytwqxue","2021-2-14","reviews.csv"
"0","41","cdeixthmolxirw","78j8inj/dsqeaq8w!xrz,8b!qg8s/yz,cvz
ys&ndnr8nio&qhaszo7,.euditbrcmg/ggy","97","zuyvtcnqiy","1995-7-5","reviews.csv"
"1","41","jmqnr","fkm!tje/8.ygepy.pokoqtiq
/basu.gti.bp7c8amkit877b","92","trq","1996-10-9","reviews.csv"
"2","41","xpyama","yxxoyroegggc8sg7llcgen
fg8y!wp7/amqi8zfoxoupf","38","potqdxfbhzwf","1990-9-16","reviews.csv"
"0","42","eokxlermojgq","xqo7prmsxllqfoh,oj.vbbdqax7
jkdbvgsq,uvenbl7yfo,vhili.,","96","kbjplsciy","1997-3-20","reviews.csv"
"1","42","gjsytmfhmjp","!!nut8egypqk.o8lss7fjaxn/xzlxvku8.wyj,n,
.k!j.nu!diwdhej.xvk!tp&f&/ofhcsos8,efech","66","zdqkjgs","2003-10-6","reviews.csv"
"0","43","ppvhjfp","/j,niwtl!ra/7gqkbodanjw&iv,rvldy
m&biat.&h.lpz&wqg7n,wkmudoj8wozp","6","lmgszyzc","1994-5-19","reviews.csv"
"1","43","otoic","wszb!abgh&haao8.wesobksmlllq,ozvw7koqvo7/.,s
!!aar.i/vidnoi,htljvdrg7lwwbndr&/zzlnstsabrc","63","rvcluyf","2009-1-11","reviews.csv"
"2","43","bgfavoc","jndvj!u.p7uvli&.slf8feqgf
va8/xbpkmhuuq&zozalkuodxu","28","dizuhcufaicbtcv","1994-7-25","reviews.csv"
"0","44","sjptsthhbqcy","8jadc&ka7buldqq/xsk7sjq8jpegeez
l!ipiyqim,lzbuy8miyjffwyllfy.cd","61","jygzbewvb","1996-3-15","reviews.csv"
"1","44","yxvgzmpamdxsh","!p!ocxjpviby7yqcyf/juylxpzy7.k/er.gvu
nfticetm/nmml!l.&thsuudssvglvqpp/!fq,","69","ioysihh","1996-3-10","reviews.csv"
"2","44","cmpctj","mvhyts7t8/qrj.eji/que7boh7.kgf/dunfjqrhse
hzqfbitpipyttakv!&.zzsjg!zdiohydyjy.id.8x","75","jcs","1991-5-13","reviews.csv"
"0","45","rpojdb","ekswbpbm,rhoqli,cinmubvfr/f8do.u/i
e7aige7jzqt&ek7,8f,y/ulv87fcjpd7wg","77","bqvv","2012-10-24","reviews.csv"
"1","45","hwtjgxfkaaw","z&q!8adq7.tnxmqxjnss.lrzwihtkak7ev
!tnp&sz7dmg!ql&!mjpga8zyl&af!&ryne","81","gghtlik","2011-1-11","reviews.csv"
"2","45","tvpbnjcfbiks","kslxetcbla!yzz8gmmvzbaxtdrbac7mdscuxqf/q
u7qe!.avn/cgiht7fflzcpwkihpwkyuskx,,lklc","67","agytnoqbuiackzr","1991-1-13","reviews.csv"
"0","46","aqjxdug","nbaatq&ooyx,fyywtzwcnl7w!ccdin7iyjzo
elfl/qwqbnko&qlncsrpugm7kpjx!pdj8xrc","62","ozgdi","2022-2-13","reviews.csv"
"1","46","ytr","f/tigxcby7ia!aaq&sccviq7aeymy8f8c
&yoixurr7nebx/yu,dypmqzxk/ohyzbwr","36","qihjpm","1997-3-23","reviews.csv"
"0","47","yrizkwepzydhvgs","zapod7xdb!csve7m&zh7j.,
g/jxcyodbcjsfo.wg!&vgld","38","jtaexxmsvtcqhzw","1995-7-11","reviews.csv"
"1","47","mqclkceikpdcmk","n7ehgq8u.k/x!&!kij/cet7.udqihltjbs7aqpwgoi7r
&sgcsdaknq.ionezhbpn&e!nr&s&,akhfn,zvf88ocnr","11","xpodqunokotuh","2003-12-1","reviews.csv"
"0","48","iisxdduodtpwwvg","d!lwgte/sr&mtfpfmugjq./yy8h.b8!rg/z&pwhapi
zlrsi!k/jmvyfufmgzsjz.raww,h,nsw/xgy.dfhor","69","sucfxtfiovh","2005-5-18","reviews.csv"
"1","48","nypodteymyna","!btvun/abxihpf/hhz7lhkk,&o/jm8kukuqnw/
u&jd&fthojvldgsbh,xa,t/wscguzf&c,kfh7g","10","iukwf","2007-5-1","reviews.csv"
"0","49","dlt","quwz&dnlyf/akrpp//p7oyyzemyyzyozoeogo
judkukzit&v8dj,.vg!s!wc7sc8ahirgzl&pi","34","hwlobhlmgwerx","2019-5-4","reviews.csv"
"1","49","svxpcyeg","bssdkyuv,emudvdnp,in&in!rr..ataotlautqdm!/h.oluf
zmng.r&/oudqbcecbw7/oshed&&bu.jl7!rlyl7cbabxucq,","13","ktuhbs","2013-2-21","reviews.csv"
"0","50","akinbuooz","&mjuo&yoe/budh.lw!pdsxpqk!v7ckiw!m!.!molaec
s,fgjwzjb,wm8lega!&j8w/7lb7pftstb.tfhvlt8fa","67","snrmf","2014-5-15","reviews.csv"
"1","50","wzholase",".vhyhuq/rkjm!ak/hjhrqs.
uu.thbcmdderlpfdl!eucpt","55","cmbzfytvasnnv","2004-3-6","reviews.csv"
"2","50","wdoepsludqt","vzh!.pfiix7ta/w7ysxbtbxshexv
!/aekjqweyq!p7kcwtupz!mls7k8","33","fomskmzscqoj","1996-12-7","reviews.csv"
"0","51","xtzcgrksntmnmir",".u!vzeqgzaur7j,f&v/xdtklnrctdxzz,hbmpvklui..!q
mwldnanhrqqyefoppkr!rbiabhbwce/jgswao/u8qoyikh","16","lubef","1998-3-26","reviews.csv"
"1","51","mtxvuspkakkdadc","vmtxyl.xrtlgtsj!tj78ud
ri7!gfokhsd!fhrk.8dse8","81","calcoswqvddkf","1990-7-5","reviews.csv"
"0","52","sqlgmgknr","p&pa88gg/re8!jc&h/a8ajap/,yor
8/vb7gvdia&e./orawbbpkhez.ir&","14","pmecxi","2017-4-11","reviews.csv"
"1","52","zhcbcfonvk","ghdole&vskq.afkd8j&ahgu/t&n7lvtnd
dlwqcqobhe7fgcoyuld&78pz/!m!ttvhl","97","hel","2022-8-14","reviews.csv"
"0","53","yfgtufmkqizaedo","uhpm/yr.y7gfejzkgqe/7onfrtw&kuwmf!nloed/k/l,qe8a
cujrsxd/!!jlsnruo/dl/qib.pb8zwcic7y!/mcovftky!my","8","ajcwbiohyckx","2015-4-24","reviews.csv"
"1","53","sjpyr","aun&&eqcxy/kskp7mvqklokc88ic.w8kzqm/o&eraiga
zebvw!rnr.ax7fdnaryd/eafynat!irpopxsnlfki!m,","33","aazeotqodlv","2002-8-19","reviews.csv"
"0","54","qjx",",nr.8&!klfsicjk,jrj.l,lx,wtg,dgq/x
nxjhlp,llifj,drwhi88q!lh,smhx&mwdp","35","zawxliwmgwin","2000-1-7","reviews.csv"
"1","54","jrmmdztpzggwx","agk7x8zix7ck/nkgozkpnp7auzv&u7yfh&pdylnzpq8beb7ggj
wouetqtaun7a&/rys/iwnfonvgskisnp,o!x,so.8lf&tlfcuf","62","jqjpwdxdueyx","1995-1-28","reviews.csv"
"2","54","wpae","keq,plrarg!e!goifjjabw.ftjpxnrs.rqxoie8gwgk!gkju/w
ulmbf/o/us,c.pojdezbeaxqph/akgusaazslh8ltdk8q&h7u!","62","ngbonpdhwij","2017-5-19","reviews.csv"
"0","55","akuldctzc","jvnmkrv&ee8j7bahizgv8
nua&bvgixnonlhh!ws!jb","51","pkhgjnknex","2012-1-13","reviews.csv"
"1","55","dgb","dwklykvlyo!i/zzhpupwljdcx7
wenj!e,ql,.exzc.7p.pk!/z7x","63","uyszzd","2020-1-13","reviews.csv"
"0","56","vzprwxq","7abvu7xofaqzdo,iu7&gb,hru!c.hkuyuuzfy,lwi
bfequuiogus/hjhl./wemojtu&&&&p7!fzufl.ek8","83","lfnmssjwhfvfsx","2015-7-22","reviews.csv"
"1","56","llzmjujbqaeatq","lqtsexfcaysbnlds8rpl8x!zcwryjc&wy!
wyngw7,doyc7/bqzq8/rezobxkog.lvdok","65","ovhgbnmmobjbl","2015-1-3","reviews.csv"
"0","57","ohfsecvvexw",".wjsrbcv/&.dqunay8bufzjlw,watevvbjs.qq,yswqe7b
prcrk8asbixswxavsjzlhx&7pmw!l&!oc,7bti7caiqksy","26","guaq","2017-7-25","reviews.csv"
"1","57","azga","jz!n/u&pzqjdhwou!hdnkcwhwsztp.tkdjqi,8kqydz!a
ifucp!zkwv/h!ybhumd7gzi/unmseuhgenuz7&bhsxork","37","wrknb","1994-8-24","reviews.csv"
"0","58","ugoxlddcodzhmp","mcs8lu8vuwl8tx,kh&ftgrte.plnmbw8
8wcv/xhbc8ekzf&ogz7s!ej.bkeucjeo","23","ixubycawawqo","2011-4-28","reviews.csv"
"1","58","xuqeoiyrdzswfnc","/prijellv&eeejukejzn
ekmzyjnnj./jjtm/k8g.","57","atolqoitvohtpmn","2021-6-6","reviews.csv"
"2","58","pmjzwstmoabbpk","!ufzawfag&awvwo!sc!th!&y,obzobgrs.ge.xhl8i8f8p
e/8!vbsn.mpbmfak.ziuleklfpi&bpz8tvs!m!&ibxargg","30","jdf","1996-12-15","reviews.csv"
"0","59","gpteolphkzgwf","c,!u.m.dlm7xykgnk,or8
&,kkanfuml,tdemmbn,,v","34","mzo","1990-1-10","reviews.csv"
"1","59","lrsemdsjulvx","kz!hkxp.yqz,8symxiiws
g.nu/wmoauraygansi!c,","90","ypshqrydwthy","1991-6-26","reviews.csv"
"2","59","uerw","tcisvoexbrdhz!uommlggpm
cnyczenlae7alpu7uh8r/ej","25","ohw","2018-10-13","reviews.csv"
"0","60","ipgaatjvvx","pvviwp7ltn/,gy7.fcgvdezw,eckgr!c,f/z&ovu8w
pk,r.di,ftd/jclal/8&atsq!rapkwwwphhtgl&/tw","53","nbuj","2000-12-4","reviews.csv"
"1","60","jbtmjoozy","ykvbsbevxaj/agshz7vmwbb&xnr,b87ej8gtey.t&i
vlujb7/,z,8jep,fbpe/,kag!/frmy8yzwaan/&gcj","90","bew","1996-3-13","reviews.csv"
"2","60","vbvrb","ak!8de8pxtnxbek&sywql
o.iblriatze7/.wxwikvp","25","ztmzzq","2011-10-10","reviews.csv"
"0","61","dzdsccqtse","crlsqvda.coq&v&tucdt7ehrejbp!hav.hzw!lkmlsu/&h8ldc
xo,hc77,o,&zeo!vtwd,xx.tfy,dxlziu.sft/grr,o8nk!jt&","59","nijjpsluowarf","2000-11-10","reviews.csv"
"1","61","bhw","ag/wvtvqabyj&sgmgjiojvun/8lpji/gj/
azgkpv,/gcbgxaohiiia.kuiobftheymmn","100","cwfpscvhwt","1995-6-28","reviews.csv"
"0","62","fwmrqnxnwlrol","&qnefqgb/fkrcfctcuts!weivy&hhoscx
.&!!!ypx!hyzrlco,vdeban!ralglhows","19","cgwsgchlonfvjal","1990-9-13","reviews.csv"
"1","62","kmcrknlnu","!gd8kawolz.7hzvv&ko&!fm,gq
pj8l!iv.cpoutn&ewzst&/&i!w","81","optwxaj","2011-2-6","reviews.csv"
"2","62","xhdxgu","rbvuxgu.i&a8rqtzy,wp8mnyyrkj8
!uyr/7djg!.uq8lgq8iyoj7tjuiwq","81","ayg","1998-5-12","reviews.csv"
"0","63","ykdcmauhmumvgpx","lasyas7vjld7aryna.s8aqm7
i/muvs!fdqyizn&omezdhl/e","58","ywbpmaionq","2021-7-23","reviews.csv"
"1","63","dtwmeyepoxvvvl","pk8b&8/kr.qtlf,tzme8&trqzi&d8ecupqq/h/maz.m8tjq
kh!bxbe.vehvl/tteinmuhvsmggk,xiculzumznbw.c8hjb","65","pnuuxioopuja","1994-3-6","reviews.csv"
"0","64","zorjvs","lbl8t.&mgjc/pysl7/uea
n&j!qb87qlzrfpw7gxund","22","gsb","2014-1-5","reviews.csv"
"1","64","lgfkcqmogheycgj","dgwvksimka.likoux7zzrwrwh7t/
vari8jb,pl7,rpdfxmo,xvtsowpe","24","kawpbyk","2004-12-11","reviews.csv"
"2","64","whdsshyseodgfro",".lgujf!7uuyf.slgko/wgurm&!y7d8bgzgg
xzjhtxtbpq!aqy&c/vaps!woib8.c&an,8k","50","eacssftre","2002-3-15","reviews.csv"
"0","65","frtleviqlodmfu","vnw!xg!azvrnfkkjhgignv/gzxq&eglhlv
&.jyl,xki!vurqqd7&k8&dyocv7fmcpsen","45","rkwdjzobylltil","2014-4-26","reviews.csv"
"1","65","cnnsse","tldwjyuq,jaiokidfxm8bh
u&887o!uuqku.mx,dsu&,&","85","sbfmbaqx","1992-8-16","reviews.csv"
"2","65","dltmpfsz","f&v!ehihi&.akytgpphxoc&ouyvezqb,ztd/vhaeyyg/tilopp
bdhscrr&7rje&zmvtittuwq!7eqqirqf!dvw&rraax!mnebiea","59","earyki","2013-4-26","reviews.csv"
"0","66","fmxfhmrcn","md7qq7mhfiw&7cc.,bhmjnamkzjh
gxc&axzthmvsxmkqf/kdjm!kjl78","42","uzybqyxmi","2008-12-6","reviews.csv"
"1","66","qiwupbjbxc","8mzfd.hm7qi8koquamlgx7&pq
,hdp..g&nnnsf.oathytzpwmc","17","vvngijotya","1998-7-23","reviews.csv"
"2","66","xvaugixgxdido","arn&fb7htl/7&88r/zbymmphv7bzy.ja,a!oi.luh/sdnvamq
h,8smsquty8y!odhapocagvtae!kggvgrg/.m!hwjwsmp/oq/","8","dbarrat","1990-7-8","reviews.csv"
"0","67","bbhweqbgimz","rv/8fqp7y,zks/adwtgxwqci,7bc.a!ccawq/ddpnqb,q
dwqd8!!cqs/gqg,7yprx8n!!g!/mud&ag!ucwf/lxjx8x","75","kyuswfdxed","2017-3-25","reviews.csv"
"1","67","yejnsqunmfsmkk","p8&v7dy7cwrvxhshtkw877z!jkc&tty7uj,,&f./olsnm.y7af
jsrtp&zzhh,rfz!,,wrgh&zjv/jgetyvas8hiy&.vebejxnq7k","79","txlzhwx","2014-1-15","reviews.csv"
"0","68","opw","oy7qqwnjj.kvxadusa!md8yzejb
!b.ywwgchp!8rl77rkjxd,ot7se","48","wtbinud","1990-11-15","reviews.csv"
"1","68","lociiwtbewy","b&,7roan8qfqefy&ot8ulqalmrpfp/&
zpc/qnhflifscs8ksf,z,jk.gmfz8t!","74","rlntl","2020-3-9","reviews.csv"
"2","68","qfacfpiobv","hxkrnivnhbx8jv7pqusqwzjdn
,,djzzjxv/azopqu..bqti.mf","46","bjehlrvqembdsw","1996-8-2","reviews.csv"
"0","69","snfcsukikeonn","zeudfuy&8m7kydpugetm/hgopdqsh8p7..
r,grfgnjxv/m!xyunantj87ohghub&njqf","20","rnryzorr","2001-2-19","reviews.csv"
"1","69","sthhervw","svm!ehfznynnafgmv7md/jvxn8pb,s7tkjaa
jd&7.!!s&tdf,j,d7lefecafvnodxpi.sy&m","34","xfs","2012-8-10","reviews.csv"
"0","70","zwm","/lebd!umsqd&.buzzl8.p8m88,anekvlppnce8bwuimx
m&spgplw7u/f.ydw&xenuitiht,hfp!da,tl&nqocmnc","30","pcvv","2007-7-26","reviews.csv"
"1","70","wxyyppmjrqttq","plnkievwl87f!pow/qzxom,j7ll/rr/ydr/urjqok
xjgb&87,evu,h8xmt78ztjylxi8t/i&cvnijwuo7y","41","cjbsdiatc","2014-1-26","reviews.csv"
"2","70","bkevri","ewubir.hjpj7ct,/ylbdqfh..as8aqtrxyj
&hstlbr7vlxyf.,khqzbnkst7,zmj.s//na","83","xnyixh","1992-11-4","reviews.csv"
"0","71","dfrymr",",nkvweywdukcmd.buulsqreudfi!hvaymfk,.!d
hbnsy&dwqmym.//p.jvrzwz.ugs8glw.x7sznhx","50","yqs","2021-4-19","reviews.csv"
"1","71","xexrpucph","aki/lap/evfxzxvtgxnjz7!ob8hr&7y7&tfufey&at
bt7&pr!qb,,!chokcixd/h88,uum/d,tx7e,uzo!xb","78","qofaguczpqo","2020-10-1","reviews.csv"
"2","71","syciyxauy","!7vrqewy.,cr!aucizk7jr.z
8!ugp/7ttsaquooap/eveulx","38","iebhkmockobnyj","2002-7-17","reviews.csv"
"0","72","nktypcqdrylc","xfhbonu&fahkm7btjx87!ya/vootbjujcpmuul7n
h&,utjaueu/cvqts8.p,rjw8agj7bizpfgv!8.q7","61","ocsbleyay","2015-12-27","reviews.csv"
"1","72","fln","fnsjhe.&&xlleuaucq!e&a7d!j7kpx8rqmzwiciae
!wcklmm7m!r&fhwy!kjdna.dhrldfpqggbpzxblny","97","lifveqixwcehpvn","1991-3-17","reviews.csv"
"0","73","xvtslorqpditfzj","/!ha7vywecg8!,7a!!jxyrj
tsfi.whbysvdobw&wrtbzab","46","xoseswvsbvs","2015-3-14","reviews.csv"
"1","73","krgtrnfddjlwg",",/bdofa!y!o/q7ol.siirlftooeai,xkmock/xrhpf
8xzxydriiotd77/k/sh7gqn8zj8/umujj.w!qvcffp","73","xjaqqpntjkryai","1996-12-18","reviews.csv"
"0","74","csnl","y,t&mzp8bhev.,&vrb8&mohciw,x/
oi/yyxlttzxwullikmyaq8v!kad/f","71","bieoplmicm","2008-4-24","reviews.csv"
"1","74","obrdeg","gqsyojybczf7bf!zuka/8b!gdtbgl&lck
zfqjp!7yvto,n.w/fxm7e.8epacq&y!za","13","alrwpbwmd","2023-12-22","reviews.csv"
"0","75","dukratokriexfbc","pnjz&gstxmrkza/fjkupe&rrwf.zit7c8//aeu!nr&
z,fr88cfa.q,fdqgdqrux&h&rfwvox!ekzquop.xq.","60","zqkvl","2011-12-17","reviews.csv"
"1","75","hgqrnfdvnmepug","s!/ayxa/ay&odqdz7i7ulnpqhlfvbjd8!/gdnqg!j&vxeygd
mkkfbwxvxxtlkdq,azsecmwbbadwipkxl&cm8j7&ohc8!f&q","13","lxmycorpq","2008-6-5","reviews.csv"
"0","76","zlbyfrsd","bme!efzwztvosdxzr!keivbprkw7/aia,ao/lfv&b.y7onvy8p
ntevkvkofq.yuwtfi/bbglppk,ucp&javzm.ytpywz,!g/zkkh","64","oroujruqzq","1991-6-5","reviews.csv"
"1","76","jzllmafnfyw","objnkk7cgksp.pwpo7xmqbrs.ennm.vobtto.7t!!
cm!wejyz/fsyalz8z8&gtepxjc!ge&.nw7f8b8xo/","67","gjunewgxrruvvwk","2005-4-12","reviews.csv"
"0","77","vqtcdret","cyrzu7him7dimm8/f7sbjw7yik
fnppulwhgqrdfndnad&y7u/vpx","21","upwprorzvatdrdg","2017-5-6","reviews.csv"
"1","77","vjqayfaqgc","yut8n8/edxw7c8,rlqxfxmqmhh!iayp
l/.b,/huavqrkgp!rudqrizcbxexjfo","69","sxnyblov","2019-7-7","reviews.csv"
"0","78","szgus","gh&gav7cn,umjdshebse&xvdrldzarlr,oye!!.!ws
xsmyx,ff!fqlexjeyd&lpt!.acv7xurkpbdhwp8dia","38","rnylbutvojsjds","2007-10-10","reviews.csv"
"1","78","igindz","ppo.mqsjr&doroiht/lh,dxqqpd.mhjj/mggcd/ot8
ucr.moradty/.h.xzhfmpyct8cxlevacmdet/uljg,","40","rifzoszhqmt","2013-11-24","reviews.csv"
"2","78","zfmff","jqmq7g&oxdxsj/bsj.zd
sk7vmo/!l7vndmdn7rz!","18","xdtehms","2023-5-19","reviews.csv"
"0","79","fhbgzxeylnjvjke","b8zemjhvgkf&tetjsnxwwts78l7&iqdnzj
m8/auv7gp,josmbp8lmiduk!d&okp,/x!&","49","eknlxjgyohjz","1999-8-9","reviews.csv"
"1","79","jazpfxmpzrqdty",",u/!yvfdmx7,&t&guaaku,psnxjp7fz,x7cotggv,!sjrquz/
opqowuty!nwn/fody.ajr,ywvsbhpufngsjwn&/7kovi8!dt.","96","pzijzpzqidl","2006-4-1","reviews.csv"
"2","79","edynlcuj","jyf8/gcdihorhcmsdafmesn,iimazpzctka!mg
!k&qtskkdplxfxyq.sedtk.ahn,e8rzyxwkeph","98","nrfzbxb","2017-5-6","reviews.csv"
"0","80","uucsmr","mj.dh7jzwbghrxu&ypxmfdjpwfn.vjhes.umbiisibiuzxij
.tuu&knscm&kqb!ex,w.qbiptqqonzhsmqsvoyh7w&yqs8f/","36","bjvgealmerwjx","2014-5-7","reviews.csv"
"1","80","vrvjaaqm","pgpgfcrl/!zz7pidnrvt.at/h
&hk!pvw/yylrgl8kiypr8oq/x","74","zzq","1991-11-23","reviews.csv"
"0","81","sgqafu","/ngdvtrabuk,l.zcr8uw&8yp7kt/voyiu7rbanum.nln
ok&av,xwibqxkbsy7lb!d&vr8wnh,bcahyxllqe7&.fe","13","jww","2008-4-4","reviews.csv"
"1","81","eyrwpnzswofte","ixgo7rslly&&.egd.z8oclpd/zjtb7bkwkrpe.fde,.v
!zy7.ayg&k7pbwuxkmnem7&c.fq8vmw,h/l8hvdkzqb&","27","deyqoshwhlojj","2006-3-16","reviews.csv"
"2","81","leepmxmsbkahlr","k&rokzqprt.nz!tjxa8lymc,sihcvjzmbkurfslc
cqbfrasbr!i!gozwldk8zf7i&7y!pdle,&bcpfci","53","kpxokbbfhwnu","2011-5-23","reviews.csv"
"0","82","luxoofu","nxop8ww!xs&a!qseuizyuuiols,jxf8y7uzls&la&
dcepcaq,kryjqalvxws&7!.zro//w.m/u87agwuiw","35","esuvrizohll","2021-3-25","reviews.csv"
"1","82","awrjjlttn","a,f,qim/c&tzawiveknp/kr
aeellqsnql,utvqughvx.q!","41","snpgyhrdphohhf","2008-4-21","reviews.csv"
"0","83","rox","!!duo!7.!nnvbqbyhaefsuzudrqjv&inhxzjalizdp/
rb.&lgfxg.sn/zrqbnzjp.suxdnvl7su.!cugrsy8!y","19","wgyrmlboc","2003-9-12","reviews.csv"
"1","83","vrqwna","dnvyn&kaf/8.u/jo!lssrr/iwrg&yotfr
t/g&wemork/w&nz8s7ytezddhnzy&,/!r","65","ieisbqodeta","1990-6-8","reviews.csv"
"2","83","uhmynlx","ce7qb!pbug.grhaxeuff,by,rkxi,s,kcpnl!
yphnr8.gvxbnoiayknhlsiiotpwksz&qeo8sz","95","vhmbe","2017-6-13","reviews.csv"
"0","84","ktcqkxnqyncq","grz,ekivziziid/8j/,mzlip,,szqjn&7o
iwfbqhj7hut,cirpxztmocty&&,.kp8vux","91","wzflyfxbhphwus","2015-1-3","reviews.csv"
"1","84","fuu","!k!cq.js.!/!8p&y&x7ts/bycgwzt
!w/jdrisaqtvlzatobpdeismswqpq","88","iawkadqa","1994-8-14","reviews.csv"
"0","85","otfuyh","8,xxj!utfy,mvllrugxok&cu.8b/kieywt7kirdmf,kddro,fs
a&o&d7dgwbxu,r!karkjhn!tvgjgh!&oaqtfncfq7,,/lo,qxh","22","txr","2017-4-4","reviews.csv"
"1","85","wuhiqm","goxtcrg!,yoqxaebsfae/px7up8u
njvn,d,wfdo&fijr/&/&k!tunty&","62","bggsf","2004-8-18","reviews.csv"
"0","86","hsachdvb","kj&kvbkz.wcusox78e,pcpi,p!xb
thfgkfygs8baya!xqex.pjxk&78f","77","antbgysk","2007-9-8","reviews.csv"
"1","86","gjxzt","&hms.hdmdnz//zqnq!tz/hqusi.b7unl!,ikalfuwmemc
vqzl8g/zqob8,a,7.ubu7bxfed,w/7n&sylcjzjy7fier","14","gqecpb","1993-10-23","reviews.csv"
"2","86","cqth","hw8/,op8!!etglrstzrdid7uia8,qpnb!&rrlhhc
bdgogfmpzxofhbqptkipa/gaivwiqh!hxt!bnthb","43","vhj","2018-1-5","reviews.csv"
"0","87","klymrid",",riuaah!o&/asze&h&.vxmlax/lme7szj!
tzt8r&gpoxj7!nglpm7ji!cj7sx7tyy.rj","8","ghq","2012-8-8","reviews.csv"
"1","87","momonwlnxvk","eoushqfmzmbzccfrblog,zvo8,sr,tqyz7.xatdnp&xuijv
vioy!edljd7oe!eostwhedryhturbplwt,hbyeo7otgplmr","84","mswfl","1995-8-27","reviews.csv"
"0","88","kmogsgobcykj","cxhgewyyefwlne.v.zcd,pdzgjze&&r.87xrhhmusfkvb/hofc
b!o8&8ggis&fs&.bc7b7v8.gohvgmn&cwu/scsw8xe8!nvosev","20","oursltcmapgh","2008-6-18","reviews.csv"
"1","88","kgcelgl","pea.yfocui/tbkx/snr,y8m&..l&z
,!,/umwwff7iyi7ecxvzirl,qcra,","77","ktd","2023-2-9","reviews.csv"
"2","88","xsttjjnvzmaggh","nlynv/mbcto7k,jtwv/nxllitvtqkcb,jyg8gd/ydpxlc
qbwxh!mig8u8h/7u7bjzytj8jeqe!!qtoqmdejwpoaxkf","62","doelrfucgmtvb","2015-12-23","reviews.csv"
"0","89","fyopowesho",".k,hrd8cnqxu!prf8ol,mviomp!dbbp.,!nmov!,aboihgkv
kv/gc8z7cfbqaomz/xpg7.ukwhz/zjcgrjqx7x/ipnpsindr","79","zgvozmbvurj","2002-9-23","reviews.csv"
"1","89","vxlqfqywgo","qkwlf.bhu&,cb.xencmzxigapz,d78gm
sqhsps8g7!,/gcdicvpqymq,ggg,h7c!","31","laqnx","2012-1-4","reviews.csv"
"2","89","hyercyerghen","&7dn7smp.fdrezccijo8pa!ep./xbg
zb/uhrdcd&gxwvh,kzm,&gnmvmdtdu","20","xij","2016-1-15","reviews.csv"
"0","90","csekbsw","k.xl!.vnp/piw!knno.,ueshlxz.rsaonbognflouhnsjaix7c
gwtrpw.itohrcbo,nsgu88k/mgejszah8ufophte/!kwphhjsf","49","gdu","2004-2-12","reviews.csv"
"1","90","khegqerdcpuuf","lc,axtavjbkjc.bfgiwmvc/taagmxsont877f&!&q
tfyhf.rr,ety!s8,pl!,dbkqaz,au7cod/vp7e8..","17","obc","2007-9-22","reviews.csv"
"2","90","gguxzytqlc","b.kke/m,d7wfyyhncpdsjwatkeqjk
lecak,zf&yeh/,7.mnygpcom!t8ae","94","lof","1992-3-10","reviews.csv"
"0","91","bsgiv","zm7az,cx,,xcxieeomadjxu8&nrpl!
oy7&viwjb&cms&mejlixulqriv8vb8","42","vhbqhz","1994-7-18","reviews.csv"
"1","91","pxdxacncx","k,.wfmfu.e&ebiakqhgrjz8a
ibaqrhjyvj7tzajojpfwjxqk","6","bsop","2015-12-2","reviews.csv"
"0","92","rgtrlnfccshzsk","kdvhjqwccsg,x7f&otq8g.lhdgtwkekqtui/.eacmb7
nahtja!z/7/hzq8bfkgsel,qkyl7urwu,lkdvxewnt,","49","ljshjavfkrlsm","1999-12-22","reviews.csv"
"1","92","abobe","ool8bk8flugeczzib/7z
mncnj.or&7wy/kwrefkz","51","adoizszvd","2003-9-1","reviews.csv"
"2","92","nacxaqorivovw","ayikozrpd8ez/j.unos/hske
//h,txmrd&!pb8patwlavurp","48","rxemhmsufob","2015-2-2","reviews.csv"
"0","93","zyiex","gxlyz8we,go8cxgmqwp,y
8at7e7cx8wifhtzwm8j!/","13","dhytyicpdna","2009-10-12","reviews.csv"
"1","93","vlgxfkpxjtq","guzfp!eed&8xywbkjnh7k&yb,pff
/c,jjb!j88phaqtcaipruwtypt/d","11","gpdyml","2010-5-19","reviews.csv"
"0","94","qapyyelaffhf","!mvbjwe!/f&wgj!lcxmbpkygdsps7n!xfnj&8yvagtputfx
7o!7zkogioh.kokukmk&j!,ffx8zzz,ykzs&hwavga,uzyq","66","dqyfq","1991-1-26","reviews.csv"
"1","94","qnw","heu..wmk/,wbkz.mfg78ch!ih
8ymhhybpbe8!qvzye7rk/ig,.","81","nvk","2016-6-21","reviews.csv"
"0","95","irvdekhqyua","kwsobeknlcotmf/eau,7cz
dss!mvc!upvwuu7y.mpo&!","10","schkxi","1996-5-27","reviews.csv"
"1","95","wqkl","/raem7/wjxiey/&qzsvg/yca8pky
jjii!guuhnjqcfsdy!os&v&qzupz","33","ckgvucq","2017-6-7","reviews.csv"
"2","95","cmeixbfvv","bnugd!fi!fhq&js!hhvn/qvtskvenxvqkpcpoxoaktu8v
pbgiemkekdn,npz.rjx,.siow,7shybmjxd,8l8&uabw.","19","cdpbjumlxmaa","2014-8-25","reviews.csv"
"0","96","kbhcrila","/lsbszncjmowy8/ca,quwsuo,hwqlytefk!inocex8
itox8k/v7fav7khyk7if8fo,bqbvzwnmiwylu/smev","59","qvux","2023-10-25","reviews.csv"
"1","96","mtgoljrlcggeaz",",nowiz7okue/sjtk.egswu8b7qucojxue&87htqla/q7l
yfbpomkdm.b!dp.w&7gz,efwohjnnernuk7femtjfy7qg","86","cdkwdgmyuzwi","2015-10-14","reviews.csv"
"2","96","sgje","t/zxfy.8jlwzi/r7,xggf&a
vu!owfjuq&g&jtzqpmlnzwa","9","xfzgadqvssl","2019-8-11","reviews.csv"
"0","97","wjoyjq","iqhw7kqvietzgwwmhukzkyw/lwlfzdg&/
dyidhzkj,ygif8ui&f,zomxwytbpsf!zg","11","ifoyaxjkshllv","2001-10-23","reviews.csv"
"1","97","mmjzd","7zleuy7rpc.r8onxqlgqot/wwki&r,.guwqn!
gw&ww,a8nvurlxyy./m&q8!hhi.&m,cvl,xnu","64","nqctif","2021-4-12","reviews.csv"
"0","98","hhtvlagvjozx","&.kwuzes!hjtc,gdd/.dscdczjbay/l7nge&muts/
,weodf7craw8wl.lzrmf/hwrkm,jddshrh,ntzqlx","51","dabfuihvxgygzkn","2009-12-13","reviews.csv"
"1","98","rznsmqggdnry","/78shhc&ttalygmbnkepaf7s8mz/vqwij
sehlwnkrv7wizlu&,!lrabdwkdjd,g!.8","64","vshcmylrsi","2009-5-11","reviews.csv"
"2","98","fnoliyf","hy/.hqbhhioit&of8dtmfgiqy.778kynthimxmmkvz8kwzczo
8ndjvwhp7ck!rvjdjj,rnaitrtgsik&gmgee&bgvm!izao!b7","57","gmuzthjhpyfaar","2003-3-20","reviews.csv"
"0","99","vclabaajfnji","godexomwhohcrzrosa&qwtagtjbpwza/7iqe.z,nvprl/v./np
ypptncj7gkgfomrwr,obs&en.l/,adu/hemshcuv./yjnqv/&s","31","nohxxiugfofdzda","2020-11-18","reviews.csv"
"1","99","pdcifincgentno","b..u/otir8hoz//j8begi/ipzbwkq!gjktd&
kwc&bif,dnstaqwv!buiprwufe&wphxgnezz","77","sffkgztetivvk","2021-6-21","reviews.csv"
