id,mail
0,qclchyrdeesxd@mail.ru,eqrrg@mail.ru
1,wjusjpynyfxklxm@mail.ru,iqnfj@mail.ru
2,cvhkzucy@mail.ru,pbgklefo@mail.ru
3,dwglpdaqfuxvj@mail.ru,bscohvk@mail.ru
4,jmwdzcqgz@mail.ru,gvmrgy@mail.ru
5,mikvv@mail.ru,zrp@mail.ru
6,yenvfirlkr@mail.ru,dpznkpypych@mail.ru
7,nswc@mail.ru,wuetkdyemfwv@mail.ru
8,rbfid@mail.ru,zpl@mail.ru
9,smal@mail.ru,ifjdfijyzxuld@mail.ru
10,rxlwmgetbxjyool@mail.ru,ldmmkexihm@mail.ru
11,umkayesgztmgut@mail.ru,cnn@mail.ru
12,gehbggqhhjoszzp@mail.ru,mssfyowcz@mail.ru
13,weoujodb@mail.ru,egom@mail.ru
14,izwgjkecr@mail.ru,fsxyrn@mail.ru
15,wwgnprjubugkpvt@mail.ru,etub@mail.ru
16,flbrlylmvsdye@mail.ru,ebpqxeevtx@mail.ru
17,ztdpj@mail.ru,bbo@mail.ru
18,yyp@mail.ru,gnz@mail.ru
19,qqlc@mail.ru,cuyjdbqkhrmyi@mail.ru
20,vsgqqiphfdyp@mail.ru,lzbg@mail.ru
21,lbxnfrd@mail.ru,dsthbg@mail.ru
22,zbiwfe@mail.ru,qsyawoyydasmstq@mail.ru
23,pvaohxosyermju@mail.ru,aloqho@mail.ru
24,rapqeirhnkh@mail.ru,zgriyihvtdwxdam@mail.ru
25,rmarwkpvk@mail.ru,qbzeyc@mail.ru
26,xbyzqbmmjnqm@mail.ru,rejtpncfmcm@mail.ru
27,hayyn@mail.ru,hczyccprafsbs@mail.ru
28,povzrhupmzqiry@mail.ru,iwt@mail.ru
29,roobykkkff@mail.ru,owfhujncswenua@mail.ru
30,gzrhiqlveobna@mail.ru,ghywzettt@mail.ru
31,itejqdqguhy@mail.ru,vbrf@mail.ru
32,hqid@mail.ru,wtdkmn@mail.ru
33,dlofeojybibe@mail.ru,meinjyxewkqffi@mail.ru
34,aljgmov@mail.ru,xvqzvdl@mail.ru
35,ndqkzpp@mail.ru,vrohcoqlmshtl@mail.ru
36,kfmepwqbthvq@mail.ru,vwkevnggemr@mail.ru
37,bxi@mail.ru,obvrzqme@mail.ru
38,lhktuykjcd@mail.ru,xcbveqvq@mail.ru
39,ppyy@mail.ru,ecoqsippdecffij@mail.ru
40,itwkn@mail.ru,skujhc@mail.ru
41,abrseplpx@mail.ru,jiqiir@mail.ru
42,xwyyronqvpcyz@mail.ru,nzikd@mail.ru
43,kwzagx@mail.ru,rhbbybbgeewkob@mail.ru
44,tepeongrdo@mail.ru,oujcoabxjlzctit@mail.ru
45,vhbgxbqrk@mail.ru,pgxdull@mail.ru
46,ielstekyrjohhs@mail.ru,szli@mail.ru
47,zuyfhoudn@mail.ru,nynsgooxdtkngql@mail.ru
48,ibfcwmbok@mail.ru,saoymhfksnlozsw@mail.ru
49,rfqykyewfzlpc@mail.ru,faqwbpa@mail.ru
50,cbvzxt@mail.ru,shr@mail.ru
51,xofs@mail.ru,eryk@mail.ru
52,nrocjaz@mail.ru,kwbsqmel@mail.ru
53,ghoomnkfy@mail.ru,kfuvngb@mail.ru
54,ujebafybhrn@mail.ru,xsz@mail.ru
55,tzawzueapmktme@mail.ru,rnmnabh@mail.ru
56,erlh@mail.ru,ruafe@mail.ru
57,qmhiirygwc@mail.ru,eumydgzffto@mail.ru
58,sbwtrpmqtdl@mail.ru,bzqhvajshbkwyxh@mail.ru
59,wbonrktmvzjot@mail.ru,fguuwoxdodcgyo@mail.ru
60,kfggvyaxfouykg@mail.ru,hizqdkjs@mail.ru
61,etbt@mail.ru,gobmnu@mail.ru
62,qnqateowqxh@mail.ru,xovzitt@mail.ru
63,rjbtf@mail.ru,tawzptx@mail.ru
64,wbdixiww@mail.ru,mtxjcinhqwd@mail.ru
65,mszpsfcwcsrxqo@mail.ru,zctnikmj@mail.ru
66,ggu@mail.ru,pvj@mail.ru
67,fsruivk@mail.ru,bfozysaiz@mail.ru
68,uwytstagl@mail.ru,zrxcpkidmqfjn@mail.ru
69,rjrmqe@mail.ru,ijdjndsbxhbem@mail.ru
70,jxdcykqqcauwn@mail.ru,sokffjd@mail.ru
71,tvmmg@mail.ru,shvryypadiqqg@mail.ru
72,xsvuyirnqxqua@mail.ru,wzbremfcucmbop@mail.ru
73,iiskfrbgvj@mail.ru,woaltxsjerqxs@mail.ru
74,ieaaooku@mail.ru,ymtagrsqv@mail.ru
75,ozcpxve@mail.ru,yqpqxwj@mail.ru
76,tjzsrbsqletey@mail.ru,ldp@mail.ru
77,trdwwkx@mail.ru,fdxifimgiwphirl@mail.ru
78,tpeeha@mail.ru,zuiipqzbzfdr@mail.ru
79,gdwfrbjcohcxors@mail.ru,xdonztnicdd@mail.ru
80,uecnnjbhwskgs@mail.ru,irtnnnzswr@mail.ru
81,omutldi@mail.ru,dpvnbsuw@mail.ru
82,lhmdesnqyiijv@mail.ru,pgonwbtxfn@mail.ru
83,dlhwfzwmypjftzq@mail.ru,jqcg@mail.ru
84,gqznxurd@mail.ru,ectsa@mail.ru
85,xkiyamkbqbtjd@mail.ru,khcckbbe@mail.ru
86,zzrxgruchq@mail.ru,xeuiqtzp@mail.ru
87,xaygfzy@mail.ru,pbkkhljvcxgrwcn@mail.ru
88,mamvvlpnth@mail.ru,aqjbprrnnqi@mail.ru
89,hdckziog@mail.ru,ztcgsvlavwxl@mail.ru
90,jfcpnioayjwn@mail.ru,mnlmayid@mail.ru
91,bfpredid@mail.ru,zzysb@mail.ru
92,xhfjarffqwbs@mail.ru,zcrwoquxxmxkdrt@mail.ru
93,wgznfangzhlhit@mail.ru,kzvoepjrhtmub@mail.ru
94,gnymzkwvdqbrujz@mail.ru,zytoz@mail.ru
95,ahzraypgznya@mail.ru,iqstdkm@mail.ru
96,orvkqorfwbvo@mail.ru,dqamuas@mail.ru
97,xmktehs@mail.ru,mmoixxaeied@mail.ru
98,dglqya@mail.ru,htnvrovrlimwy@mail.ru
99,hfuivcx@mail.ru,jaswwbmkhbd@mail.ru
100,otbvkfrjpjnexn@mail.ru,uudmhcbygo@mail.ru
101,hvc@mail.ru,ukcprwnwzd@mail.ru
102,unew@mail.ru,coowkxnyldelnb@mail.ru
103,awsfacglgpp@mail.ru,dtgzwqb@mail.ru
104,oucraaxp@mail.ru,wsrmdyn@mail.ru
105,mhep@mail.ru,mozuadwnfdorr@mail.ru
106,vinyhsuxe@mail.ru,loimyh@mail.ru
107,apjxcdh@mail.ru,lkeydjxvnxpr@mail.ru
108,mtklozicl@mail.ru,uhjkpxnoa@mail.ru
109,mdbdka@mail.ru,joye@mail.ru
110,hxbzktmdmxji@mail.ru,ntsxlkkjagrwww@mail.ru
111,ifvospsqvajhqf@mail.ru,xgqxktzy@mail.ru
112,iwfpimzs@mail.ru,kgmbpqewgvt@mail.ru
113,tncgnwuyot@mail.ru,dqzraqsikpbkkzh@mail.ru
114,zvpuenwnbh@mail.ru,amvlxwiqq@mail.ru
115,dsmoxeto@mail.ru,fmgocztzm@mail.ru
116,dqhhyvs@mail.ru,qbxnmjwmmk@mail.ru
117,osdjqweugkn@mail.ru,sjha@mail.ru
118,pfcchxo@mail.ru,vgnowbzz@mail.ru
119,mremlzsulcn@mail.ru,ckzsxsjooqzg@mail.ru
120,ynabcecvcv@mail.ru,uirogjetnlui@mail.ru
121,hftj@mail.ru,nzpbmmhro@mail.ru
122,gaviehxzb@mail.ru,rnoeuqaeq@mail.ru
123,ermnk@mail.ru,imtnkxy@mail.ru
124,xvnscpqpdduv@mail.ru,igxtrbi@mail.ru
125,ewkjwarenlzwwod@mail.ru,dhha@mail.ru
126,wznb@mail.ru,mdidxyexd@mail.ru
127,mitouubgw@mail.ru,lkyqzzvlkufulwf@mail.ru
128,stipxx@mail.ru,torc@mail.ru
129,pzzp@mail.ru,wkl@mail.ru
130,bbh@mail.ru,merowexuag@mail.ru
131,gzxubou@mail.ru,corzkegv@mail.ru
132,mfzigyl@mail.ru,umoidbttsnyoxib@mail.ru
133,ybbaauscdnrrolw@mail.ru,lhqopocnmvjymc@mail.ru
134,zgi@mail.ru,sqfd@mail.ru
135,ygu@mail.ru,xvgxmljriocxut@mail.ru
136,ibas@mail.ru,qurctvagjgt@mail.ru
137,uatnxguhbhra@mail.ru,vfiyaokofxj@mail.ru
138,cbdcej@mail.ru,rkyolisdkiy@mail.ru
139,wxktpl@mail.ru,niiwxflti@mail.ru
140,nnijuhslnr@mail.ru,sfujanogheopv@mail.ru
141,yyynjcmn@mail.ru,uausyibbymkfz@mail.ru
142,gektgwqgghs@mail.ru,xtirlj@mail.ru
143,lss@mail.ru,npoujhhgdsvkxlh@mail.ru
144,mqojkxpi@mail.ru,jthhd@mail.ru
145,xrakqfiq@mail.ru,yjfyz@mail.ru
146,azla@mail.ru,sab@mail.ru
147,zmukfsqxfcml@mail.ru,putjukjyhhyme@mail.ru
148,ddnhdspph@mail.ru,vddfzrhx@mail.ru
149,jkdnoplyq@mail.ru,vgcutfbyuhg@mail.ru
150,kiylnwdforcrxve@mail.ru,wioblqtnx@mail.ru
151,kaqbxevii@mail.ru,jzxmdknzbgusc@mail.ru
152,uorid@mail.ru,bdjxpe@mail.ru
153,hpwyje@mail.ru,npzc@mail.ru
154,mqagbrkt@mail.ru,kaynvybr@mail.ru
155,cntyodeuzlstx@mail.ru,dtcd@mail.ru
156,bnjyzwdlo@mail.ru,ibdyjlxtjppdtzq@mail.ru
157,uohyvexxho@mail.ru,vtwnboealait@mail.ru
158,iuy@mail.ru,dxzbgqbxyfcyzc@mail.ru
159,tqfog@mail.ru,ondoaiulgn@mail.ru
160,hnhndjhreskohew@mail.ru,umyyirevq@mail.ru
161,wlr@mail.ru,flryhyqaraggt@mail.ru
162,vtxn@mail.ru,bqchfgc@mail.ru
163,zbynomahjss@mail.ru,mgwmtchjg@mail.ru
164,dzpq@mail.ru,bpiadkiossa@mail.ru
165,ibvewcilziz@mail.ru,khykscvzcoccak@mail.ru
166,hdaiwskmkbp@mail.ru,czwcwrbaijsb@mail.ru
167,oujqtbqtyi@mail.ru,cafbntwetsp@mail.ru
168,nxbzum@mail.ru,wxwl@mail.ru
169,onexeomagelcq@mail.ru,yzhwyyxfpo@mail.ru
170,acrjkrkebosi@mail.ru,ejjyxmb@mail.ru
171,smq@mail.ru,ysxmfjbtdy@mail.ru
172,qexuizbcvg@mail.ru,fmefnj@mail.ru
173,xkgbg@mail.ru,lwrwjqqkglgfyg@mail.ru
174,jvnbucqpr@mail.ru,tbmf@mail.ru
175,akulqqkrbnmgue@mail.ru,adpyouqxfb@mail.ru
176,iueghiscshkoe@mail.ru,eeqvugb@mail.ru
177,gvtuohhdkga@mail.ru,ecrs@mail.ru
178,lhnywowhotwsi@mail.ru,uflbcmdauxcblr@mail.ru
179,znetlmmocvmav@mail.ru,enincsdfvcd@mail.ru
180,thlbxn@mail.ru,lkocprypuefpl@mail.ru
181,ypqulbhptzjxhnt@mail.ru,vfiazrrti@mail.ru
182,peskwuivxeamzq@mail.ru,fhgllici@mail.ru
183,bolon@mail.ru,izoueaormlwhpj@mail.ru
184,nlbyl@mail.ru,ojuq@mail.ru
185,banrohzzighl@mail.ru,hcnsqjasg@mail.ru
186,dpsodrlzv@mail.ru,ckzyjcyzdmwh@mail.ru
187,smcnkybb@mail.ru,yarqs@mail.ru
188,srowbezdtmcdvk@mail.ru,ecyrpludriarpq@mail.ru
189,eni@mail.ru,lzbevxrkw@mail.ru
190,ukmtfuqzqykdeti@mail.ru,ltsxy@mail.ru
191,ctgolstacqutx@mail.ru,bquv@mail.ru
192,golvkoxrd@mail.ru,wbsytqhohhjl@mail.ru
193,ylgve@mail.ru,qdpdufzxlvukve@mail.ru
194,fleejnctwcmpsbc@mail.ru,ztxfgfjk@mail.ru
195,kwxifn@mail.ru,fuqzcuw@mail.ru
196,zcjpjvuglq@mail.ru,cclmjllun@mail.ru
197,knbsqvibnrsogmq@mail.ru,ywvioxugxw@mail.ru
198,yyfoazepectchj@mail.ru,qstmt@mail.ru
199,gsndqj@mail.ru,glbikgnc@mail.ru
200,bivdkfitgru@mail.ru,jfupepyrhrevaw@mail.ru
201,cvk@mail.ru,ycpjitqdoiivmce@mail.ru
202,rewebzhl@mail.ru,zzo@mail.ru
203,zgbccoxv@mail.ru,yqssjn@mail.ru
204,fynar@mail.ru,hjzbf@mail.ru
205,zzw@mail.ru,eqbwknuxkzwfjy@mail.ru
206,xgpc@mail.ru,qnwxbc@mail.ru
207,rkm@mail.ru,jhcrijwhmyxgqn@mail.ru
208,idpfgwi@mail.ru,ifwpjzfohrh@mail.ru
209,wgqxvhmc@mail.ru,zfdzhdp@mail.ru
210,zdyonaxefyocaus@mail.ru,hamtxiaiqz@mail.ru
211,bvqz@mail.ru,bkxvqjprve@mail.ru
212,kil@mail.ru,imzvaayefb@mail.ru
213,nmt@mail.ru,qfspafmhpksoh@mail.ru
214,zkmuscacqpdhhv@mail.ru,okskijn@mail.ru
215,qoamirowqxxrels@mail.ru,lgmblyhqe@mail.ru
216,thflisjpbrzlj@mail.ru,ojlbwfpp@mail.ru
217,cfcvywklcqdd@mail.ru,xzms@mail.ru
218,ydnywxu@mail.ru,xzu@mail.ru
219,qdt@mail.ru,vznp@mail.ru
220,ijgjelzhhgo@mail.ru,nbxhepht@mail.ru
221,wmd@mail.ru,qcspaakjik@mail.ru
222,eljzteoxrd@mail.ru,kpdhdotjuw@mail.ru
223,zlndjta@mail.ru,jqhvzzk@mail.ru
224,twkitovzc@mail.ru,ytthxn@mail.ru
225,jcbfipcvudflns@mail.ru,ttibktawy@mail.ru
226,torzwzykdyn@mail.ru,ysrp@mail.ru
227,hkafllmdulip@mail.ru,dwf@mail.ru
228,lspelhinfgxk@mail.ru,tugbmfc@mail.ru
229,jksegtglyomyjl@mail.ru,qtxry@mail.ru
230,dmzrkjvrm@mail.ru,frq@mail.ru
231,cnehfq@mail.ru,xoo@mail.ru
232,asefzjuslli@mail.ru,nrey@mail.ru
233,yqpl@mail.ru,tsayrtwaxfhz@mail.ru
234,iheymyoxsok@mail.ru,zhtgeqal@mail.ru
235,ukwddabfttv@mail.ru,hqzxmleesxjmq@mail.ru
236,qhjymdmknds@mail.ru,zrmrogkv@mail.ru
237,ygt@mail.ru,hzm@mail.ru
238,cvbdquivccar@mail.ru,atcubihhnqbhpkw@mail.ru
239,rsekzhchgsfn@mail.ru,jah@mail.ru
240,nznl@mail.ru,hqopalfnqwhzqvk@mail.ru
241,lveofnas@mail.ru,guq@mail.ru
242,bloreqzzinfl@mail.ru,ovqupfhohqeph@mail.ru
243,lxorbykorpe@mail.ru,jyuwnv@mail.ru
244,dwelylafpuj@mail.ru,cjq@mail.ru
245,hscke@mail.ru,exaqouygbpa@mail.ru
246,mamno@mail.ru,hhuacrsprs@mail.ru
247,edmlt@mail.ru,igcnpgc@mail.ru
248,wtwgaccuunapkck@mail.ru,hluyoerqa@mail.ru
249,lwkzmguqld@mail.ru,znmebqspfmmzp@mail.ru
250,ikj@mail.ru,bqzazejuj@mail.ru
251,rcvnnjuxyvg@mail.ru,tdl@mail.ru
252,anrogmwavrsvfb@mail.ru,pdabo@mail.ru
253,diyhiwdjk@mail.ru,ixh@mail.ru
254,filwaqxqeflsaef@mail.ru,thody@mail.ru
255,qocdu@mail.ru,ofzttpfciyshw@mail.ru
256,hpppfwmdpxnly@mail.ru,dwrx@mail.ru
257,nehq@mail.ru,hjvvzf@mail.ru
258,kugsckhrp@mail.ru,xzhhvo@mail.ru
259,eqkaskccxunshvq@mail.ru,fgpgmlfhxqxliyt@mail.ru
260,knysneyjpefuei@mail.ru,lezeuapkhtm@mail.ru
261,kmqqcdolxi@mail.ru,iytjmdayz@mail.ru
262,cqmjnss@mail.ru,iwn@mail.ru
263,qnwheazhmx@mail.ru,iunemnfgtb@mail.ru
264,akrydgucsc@mail.ru,dojopzk@mail.ru
265,ncmlhljfarjvp@mail.ru,ndoeodjshtt@mail.ru
266,inmrxbj@mail.ru,utjuwcjzhp@mail.ru
267,jlafdoezz@mail.ru,ofsgcfczgvd@mail.ru
268,vtfgexe@mail.ru,ocxnsbin@mail.ru
269,bvdygyudyxt@mail.ru,idvmwaaqfet@mail.ru
270,gajnlkxhppum@mail.ru,nqpiroysha@mail.ru
271,mziqasjwtffc@mail.ru,oqzgl@mail.ru
272,oaxpk@mail.ru,urcet@mail.ru
273,oyowex@mail.ru,pserucyqiq@mail.ru
274,tczvqhfbufm@mail.ru,tpfn@mail.ru
275,efzsuhp@mail.ru,vaz@mail.ru
276,xelo@mail.ru,baxp@mail.ru
277,msqcxrldfebjd@mail.ru,qyokbqonopv@mail.ru
278,vtes@mail.ru,frbzzqzzlr@mail.ru
279,qiyoluetrkjk@mail.ru,tntq@mail.ru
280,lhjf@mail.ru,trlptdxis@mail.ru
281,khdn@mail.ru,rlkhexjvdcvpr@mail.ru
282,afrxutfotsltjf@mail.ru,bjgj@mail.ru
283,icdrigqcfnkywg@mail.ru,hrvsqfkgawnnfkg@mail.ru
284,vwekxhlmmn@mail.ru,fkzfogr@mail.ru
285,pmtz@mail.ru,jksversfmsi@mail.ru
286,stccswalh@mail.ru,akqc@mail.ru
287,tyvos@mail.ru,efniwpjixfiiwwx@mail.ru
288,amkyoohpryhkc@mail.ru,nksyhrxnkq@mail.ru
289,czadsqpgpviyr@mail.ru,bqvgxbrsk@mail.ru
290,bbwldegui@mail.ru,mrny@mail.ru
291,dslchs@mail.ru,hagyeapk@mail.ru
292,azjnmomyils@mail.ru,rysrwazfwd@mail.ru
293,ubjmpzklt@mail.ru,mvsj@mail.ru
294,sniy@mail.ru,kqhdvleeoyzmcu@mail.ru
295,emvxcoeiiitu@mail.ru,lahip@mail.ru
296,yrjfexoacg@mail.ru,dpahe@mail.ru
297,tubhdisxmuysaih@mail.ru,cxyep@mail.ru
298,vlfuqj@mail.ru,zzztkubdjhsuk@mail.ru
299,idobmfwox@mail.ru,capvxqirjxygt@mail.ru
300,ngztwiaznpyfban@mail.ru,trttgb@mail.ru
301,jycbqor@mail.ru,trfwitmpl@mail.ru
302,xmdvqfiuabsl@mail.ru,wwensg@mail.ru
303,lwlvckjloey@mail.ru,elogta@mail.ru
304,wenj@mail.ru,qjscpkxnmvqjnr@mail.ru
305,ofuqilajvpnfk@mail.ru,ocz@mail.ru
306,knex@mail.ru,nlmioikyreh@mail.ru
307,maeiisho@mail.ru,xfcyridcmtoidrj@mail.ru
308,pvpiuqiek@mail.ru,ilxcdgwyrmzvu@mail.ru
309,pszjbstwcioqvu@mail.ru,hfvd@mail.ru
310,vjtgdbvhwn@mail.ru,jctkvwjevqdwg@mail.ru
311,lyicvrk@mail.ru,cjba@mail.ru
312,ugy@mail.ru,rjwmcpkyjyf@mail.ru
313,dedxlqtzi@mail.ru,jjldb@mail.ru
314,wpbp@mail.ru,llkfrucwr@mail.ru
315,clfq@mail.ru,lavioiycalbl@mail.ru
316,exnvysyxkdu@mail.ru,rybiuwyurjm@mail.ru
317,lqrp@mail.ru,hozoputmzyks@mail.ru
318,kfbrvdkxqscl@mail.ru,viwlyfqyh@mail.ru
319,fekacvazxsdyyjl@mail.ru,cdilrhaeedwfib@mail.ru
320,nuoudamriz@mail.ru,ihcx@mail.ru
321,yjnavfhl@mail.ru,gbhwqwptva@mail.ru
322,fgxouh@mail.ru,kdteuzthyqnjs@mail.ru
323,fvrbkdxvgeldhho@mail.ru,zsdzggbevcubiq@mail.ru
324,zemsuivsfc@mail.ru,crdpui@mail.ru
325,gfdkejkoun@mail.ru,hzy@mail.ru
326,saikssqvukct@mail.ru,yfpyaqrboqnfna@mail.ru
327,rbzdoawqetdlx@mail.ru,uhhsubnog@mail.ru
328,mpanc@mail.ru,iic@mail.ru
329,rhqpuviujqrqqii@mail.ru,mzsx@mail.ru
330,phkakopjxt@mail.ru,uyeqanctpju@mail.ru
331,tclwnnrtdg@mail.ru,jalrzci@mail.ru
332,ceqqdi@mail.ru,mawfadea@mail.ru
333,tvsnbumbaoat@mail.ru,zeqqu@mail.ru
334,krz@mail.ru,modovplksuae@mail.ru
335,yrigovlab@mail.ru,rsedavkiqusk@mail.ru
336,tvihx@mail.ru,tbkazkspfjj@mail.ru
337,hknmezftcb@mail.ru,jseti@mail.ru
338,tceusrh@mail.ru,kckjwhwdegirh@mail.ru
339,dwt@mail.ru,ufahccnjmxsn@mail.ru
340,ojai@mail.ru,yetmobe@mail.ru
341,uwfezbyoo@mail.ru,vrrhtfqvmll@mail.ru
342,usknyftyqnqhq@mail.ru,vcaqqc@mail.ru
343,hqzez@mail.ru,hjjqws@mail.ru
344,wmbxucqkp@mail.ru,ydsyxi@mail.ru
345,eme@mail.ru,yhibgyvwrscgu@mail.ru
346,rnrgiuihgva@mail.ru,nkrsnlwo@mail.ru
347,wmqjqcpvigef@mail.ru,jhlanxmzoou@mail.ru
348,maqrkxjs@mail.ru,zewuddpcmcbl@mail.ru
349,oawk@mail.ru,ergoqkfptcr@mail.ru
350,nucuohwlujp@mail.ru,asehfgpkvv@mail.ru
351,rzajeue@mail.ru,jgwh@mail.ru
352,feawwnfpr@mail.ru,ytelkizwrompmyj@mail.ru
353,ryekfytyrxg@mail.ru,zvvkrcfl@mail.ru
354,rnbj@mail.ru,aag@mail.ru
355,fpfawvl@mail.ru,kgs@mail.ru
356,cbpsdot@mail.ru,vwyzjesnhe@mail.ru
357,iii@mail.ru,xbk@mail.ru
358,ceiecp@mail.ru,hafsveclxwvbv@mail.ru
359,sdwjwcjbbitzk@mail.ru,xqpqtg@mail.ru
360,iyg@mail.ru,nlvspvumvd@mail.ru
361,xyegujln@mail.ru,lnguwctjecdognm@mail.ru
362,dmikcbeyjg@mail.ru,marciaretyrkl@mail.ru
363,qnafogvld@mail.ru,rvnixdegskf@mail.ru
364,kgynrcdowlyhh@mail.ru,piwfz@mail.ru
365,yvtu@mail.ru,rhtf@mail.ru
366,qhuldauwvs@mail.ru,tthzdd@mail.ru
367,ghdpmbr@mail.ru,oowwpylqamda@mail.ru
368,ikxevacp@mail.ru,krfcanurhh@mail.ru
369,mgfhoaoybb@mail.ru,zcwvdrcgfcdebnb@mail.ru
370,uvthod@mail.ru,fbawd@mail.ru
371,srlycikcxy@mail.ru,dhjoyhroizmjrl@mail.ru
372,hnxfrv@mail.ru,rpbarhxmpuhf@mail.ru
373,yuriz@mail.ru,hzwcimvmki@mail.ru
374,mcuwkxpltwfa@mail.ru,oysqvqowy@mail.ru
375,xbrvydawczlrr@mail.ru,oltlvnbopkbkf@mail.ru
376,ensnahacum@mail.ru,gjhqpbuocjdl@mail.ru
377,wcpxqheymmvxs@mail.ru,eclwktt@mail.ru
378,jsra@mail.ru,awvwkjpirvscde@mail.ru
379,twvqomntb@mail.ru,hzjqpakn@mail.ru
380,qtmphueatgn@mail.ru,lhvrjnsqzilxz@mail.ru
381,ocawtdd@mail.ru,fbnoplkzu@mail.ru
382,mwxghzioi@mail.ru,xivmer@mail.ru
383,ppaurvo@mail.ru,lzrnqhsf@mail.ru
384,picwi@mail.ru,ywtvddqxin@mail.ru
385,lkkhniswk@mail.ru,sidqzmvfptv@mail.ru
386,kgtmyj@mail.ru,leuzrttcurial@mail.ru
387,uip@mail.ru,svwkde@mail.ru
388,ciopsfbfqpqedwh@mail.ru,cztybr@mail.ru
389,aefcnmn@mail.ru,qsanbizarqyx@mail.ru
390,jlacqlps@mail.ru,sgmlrj@mail.ru
391,jkevqnqnn@mail.ru,bfnftligjg@mail.ru
392,ulbfdpbyaxkr@mail.ru,eblnnk@mail.ru
393,aryyunadtoxndqm@mail.ru,mqqfh@mail.ru
394,rewna@mail.ru,ejtuyymuup@mail.ru
395,cynymn@mail.ru,ezglnbo@mail.ru
396,abrngmpgwl@mail.ru,xqixxzaexcl@mail.ru
397,chrnd@mail.ru,ujqejxrmms@mail.ru
398,gcs@mail.ru,xgilywwd@mail.ru
399,nks@mail.ru,gtvhmpyqlpvb@mail.ru
400,cpqxlorkhnq@mail.ru,igm@mail.ru
401,litoxleplubhu@mail.ru,ohwpiqfqbzn@mail.ru
402,ewtzvqhcqcdybyc@mail.ru,uquvcqgakwmx@mail.ru
403,zgijktgcvcglrk@mail.ru,riltq@mail.ru
404,voevuosm@mail.ru,ubhnwtolngkgusk@mail.ru
405,aswtrvdr@mail.ru,olcod@mail.ru
406,xfu@mail.ru,xakczydcnphlz@mail.ru
407,cigtpzgh@mail.ru,yvkfvkclxjql@mail.ru
408,mlgnzozg@mail.ru,wxvcfpitok@mail.ru
409,fwxlegslyk@mail.ru,bbral@mail.ru
410,gpvafps@mail.ru,boyvskkmbvlmel@mail.ru
411,eiyibwupxomnx@mail.ru,dysjjqsrseis@mail.ru
412,ujdeytm@mail.ru,hwrp@mail.ru
413,vucan@mail.ru,qaspr@mail.ru
414,lsykakzhgbrtp@mail.ru,kjiaajdcxcqlghx@mail.ru
415,gffhaccvzxvxbnm@mail.ru,wvkojzl@mail.ru
416,dsacsgkiozkguxj@mail.ru,rullfwgfujgjqmv@mail.ru
417,wipbuaylqmzu@mail.ru,kne@mail.ru
418,kovdqvbpgtrzbyh@mail.ru,svgsygvc@mail.ru
419,qievhyxuujjfo@mail.ru,tqbgfrv@mail.ru
420,ukx@mail.ru,mzsqmzgk@mail.ru
421,zjlbxdbr@mail.ru,fsxq@mail.ru
422,lnnvgs@mail.ru,hsgdxzjnkupd@mail.ru
423,qgpkie@mail.ru,gmmkglyfe@mail.ru
424,idxwtz@mail.ru,fzm@mail.ru
425,ibqxifnvmqn@mail.ru,uukbbegxjpwrs@mail.ru
426,ymbkonizqbpguk@mail.ru,pfaiqwzsntnwvc@mail.ru
427,gitjaqupfvwijv@mail.ru,tlq@mail.ru
428,puawzubsekpcni@mail.ru,njrno@mail.ru
429,zihlqvdg@mail.ru,gzkebsmoeus@mail.ru
430,edncgzmhkqk@mail.ru,jyenoslvrgzmnta@mail.ru
431,lmrdu@mail.ru,amod@mail.ru
432,alx@mail.ru,hqtcbbyjmb@mail.ru
433,zkzszokl@mail.ru,zddof@mail.ru
434,lfd@mail.ru,dacvenfywzlnmqn@mail.ru
435,oywtpnqbnc@mail.ru,sujqxucz@mail.ru
436,ytzxjvcway@mail.ru,btlkcktvqhlsy@mail.ru
437,uhgxwn@mail.ru,kbswapfdxknqj@mail.ru
438,hckujksc@mail.ru,nsmapcpvhr@mail.ru
439,najmdx@mail.ru,kltwxhgni@mail.ru
440,shwukwszh@mail.ru,qgpmap@mail.ru
441,srssixpfzddalc@mail.ru,oqruawyeubrk@mail.ru
442,uiwj@mail.ru,wlzfi@mail.ru
443,ylorzshz@mail.ru,azvm@mail.ru
444,qxukq@mail.ru,mlcfikflfz@mail.ru
445,lswrprkl@mail.ru,aptypacgmgbvp@mail.ru
446,ymoas@mail.ru,ddoabtoal@mail.ru
447,carjmixww@mail.ru,tzifmbyqughyzp@mail.ru
448,goig@mail.ru,czb@mail.ru
449,lwrh@mail.ru,enmjrcfrwlb@mail.ru
450,onfja@mail.ru,kcikljd@mail.ru
451,gnqwjviigg@mail.ru,kisrkwggl@mail.ru
452,bxhnyd@mail.ru,tughdid@mail.ru
453,kxsuvizbmrr@mail.ru,trzav@mail.ru
454,mfpr@mail.ru,aldbztjhahpr@mail.ru
455,cuqosmln@mail.ru,liddqh@mail.ru
456,xnlepw@mail.ru,xdi@mail.ru
457,tcbrqdreptqyy@mail.ru,jllqbkfrlwar@mail.ru
458,tgcswxllkz@mail.ru,hsmiildfl@mail.ru
459,zvmu@mail.ru,fpwrunm@mail.ru
460,agixaxmi@mail.ru,tynbfsb@mail.ru
461,odcree@mail.ru,uwjfk@mail.ru
462,hvpadgvzomfl@mail.ru,dtijamt@mail.ru
463,ezyjyvry@mail.ru,bqwxi@mail.ru
464,mknlzs@mail.ru,oeybefnq@mail.ru
465,jovmjlerpfef@mail.ru,sffxiocqvu@mail.ru
466,cwufbadnvsx@mail.ru,kiytbukclfw@mail.ru
467,jdxvz@mail.ru,lxtfcndkzmx@mail.ru
468,lvlu@mail.ru,grgcfmwbpycoch@mail.ru
469,ccqiyzygqgkuar@mail.ru,ysdrzb@mail.ru
470,mzca@mail.ru,fbqnskraltb@mail.ru
471,xckgwl@mail.ru,orncjhd@mail.ru
472,iuiiehmunylicc@mail.ru,iqavmul@mail.ru
473,qmakbygisxqtn@mail.ru,rjsukulm@mail.ru
474,tbc@mail.ru,psfzxlmz@mail.ru
475,gugt@mail.ru,vuuj@mail.ru
476,musa@mail.ru,wmxecrvrz@mail.ru
477,bovtxifxymi@mail.ru,bbo@mail.ru
478,sooju@mail.ru,wjjc@mail.ru
479,ppe@mail.ru,neievqowrnxrv@mail.ru
480,rnudwepjibylpey@mail.ru,egorydbwhczyd@mail.ru
481,thuc@mail.ru,cbkuw@mail.ru
482,ywv@mail.ru,rqthlgovusxkx@mail.ru
483,einzkgxgbfnxj@mail.ru,gxjnuledivmum@mail.ru
484,gjlnqgudvao@mail.ru,lwdamtgsgbalxb@mail.ru
485,coqksmj@mail.ru,touzwohyxwbbclh@mail.ru
486,qbwwjvktffw@mail.ru,bbsrezt@mail.ru
487,mmcmefgbsfx@mail.ru,abhjfbqilmlf@mail.ru
488,sbuqcbcfv@mail.ru,dtgiqgtumip@mail.ru
489,rtjty@mail.ru,jjqjslpb@mail.ru
490,omiisvtdlqj@mail.ru,epibajlnwx@mail.ru
491,hldshkrufus@mail.ru,ydfjhgburrpyy@mail.ru
492,joeg@mail.ru,ynjr@mail.ru
493,yegefxr@mail.ru,bzzomkdhfzh@mail.ru
494,zwfwablyncf@mail.ru,iaxglurks@mail.ru
495,itrvfrjwlwie@mail.ru,gol@mail.ru
496,ocbrvbpyl@mail.ru,bwujem@mail.ru
497,pwxsxntzavpgps@mail.ru,nhwwmj@mail.ru
498,xkmnepdnwsqvlls@mail.ru,lfwrqjzsv@mail.ru
499,oogisc@mail.ru,zrnjdw@mail.ru
500,palndf@mail.ru,qhjaxyydlpjl@mail.ru
501,rbrvzcor@mail.ru,tuqqkwpbxwxnqf@mail.ru
502,adph@mail.ru,tmqyquadm@mail.ru
503,nohawabdvis@mail.ru,fppljoll@mail.ru
504,yijdboeoylbkb@mail.ru,ouffelgrj@mail.ru
505,nymkxewt@mail.ru,oyyhr@mail.ru
506,fsa@mail.ru,mkchjvowpw@mail.ru
507,qseymwnqc@mail.ru,gynaxdxqg@mail.ru
508,zzpsoucdyekzfdd@mail.ru,hcbyuxzxp@mail.ru
509,eavcqi@mail.ru,eulyk@mail.ru
510,vbjhleisycmqp@mail.ru,ejpotgdj@mail.ru
511,oadjoxfdslop@mail.ru,korwotlsthdav@mail.ru
512,vyy@mail.ru,bykxgzcgxllsxnj@mail.ru
513,pujppr@mail.ru,yus@mail.ru
514,juybshmqmvq@mail.ru,jzbwvsqjvehs@mail.ru
515,uvpuhqeprpyvx@mail.ru,poeqn@mail.ru
516,hgeyv@mail.ru,jovnvotxore@mail.ru
517,dfzwx@mail.ru,qrdensa@mail.ru
518,cxatvqgf@mail.ru,edjettmg@mail.ru
519,cxempygqet@mail.ru,raikzoqmes@mail.ru
520,ycvmcb@mail.ru,cfbfxtszunws@mail.ru
521,rzlguhzovdeuo@mail.ru,lvdkbvwkrttz@mail.ru
522,mvthlktxyfvqfj@mail.ru,htwowc@mail.ru
523,ptbcmg@mail.ru,ykfy@mail.ru
524,pvyniw@mail.ru,fiytjoynsiqlkam@mail.ru
525,nimwhqapwfwwor@mail.ru,ipnq@mail.ru
526,rgkuhvichhx@mail.ru,axkhznoutbaovu@mail.ru
527,vsoptnzfhaa@mail.ru,xvkurmvisg@mail.ru
528,xhqcnvaoolkztk@mail.ru,goatehbpzj@mail.ru
529,qek@mail.ru,duszxnnqdwszq@mail.ru
530,tgturyudzt@mail.ru,udpbqppkmvnkp@mail.ru
531,zjmspuhq@mail.ru,ucu@mail.ru
532,ufbnrm@mail.ru,mebe@mail.ru
533,islqrxgoaihdryg@mail.ru,hmfodmfrioawop@mail.ru
534,shvlqesdljp@mail.ru,xrrjee@mail.ru
535,fktyfmqq@mail.ru,apefhov@mail.ru
536,jvvmwvg@mail.ru,wqeb@mail.ru
537,cqoc@mail.ru,gkev@mail.ru
538,llhtcpkjiagqz@mail.ru,gbjlisxtvitz@mail.ru
539,jgmalxvn@mail.ru,yyeuarchd@mail.ru
540,aeonbj@mail.ru,gaykxutt@mail.ru
541,mujobzebulqpdbr@mail.ru,zjblslkt@mail.ru
542,unojmpagm@mail.ru,tjq@mail.ru
543,tvsgcex@mail.ru,nqaaakxmdmc@mail.ru
544,cbftgtuggoibbp@mail.ru,vfjvx@mail.ru
545,ycuzrao@mail.ru,hjrywgncogtbsz@mail.ru
546,pdkzh@mail.ru,twdvhdasxbjzcj@mail.ru
547,drjgzayuqwkya@mail.ru,tpkqaguyemn@mail.ru
548,nrohh@mail.ru,yzygfpd@mail.ru
549,qpqfaojdm@mail.ru,rqpuqhsbvvt@mail.ru
550,iqklpbgzxma@mail.ru,raljpxsweoiih@mail.ru
551,fhhfsorufj@mail.ru,eiz@mail.ru
552,zcgslaiuhas@mail.ru,cqavceoqs@mail.ru
553,cmxunfhma@mail.ru,hzbreztvgtlutdi@mail.ru
554,zyy@mail.ru,bxqbynthahlh@mail.ru
555,qdghp@mail.ru,fjhcjrmekr@mail.ru
556,okqtr@mail.ru,kfplpstxfivam@mail.ru
557,jadoptsrvf@mail.ru,ajaofeduwqtlqka@mail.ru
558,dmznyqiwcxilzo@mail.ru,ucctoiojvwiis@mail.ru
559,levl@mail.ru,jdxvhvcg@mail.ru
560,vkqrdebici@mail.ru,bcmjcdmjanojmz@mail.ru
561,dmdvjhiyqa@mail.ru,fajdscxokegbhz@mail.ru
562,yaekxp@mail.ru,oxefwmmlfkf@mail.ru
563,eomiddolcla@mail.ru,fkccpesmg@mail.ru
564,qehjoolim@mail.ru,epojdax@mail.ru
565,cfgjipjtaai@mail.ru,dmskhktmfckkbb@mail.ru
566,lubyrzndlbjg@mail.ru,gwwio@mail.ru
567,wapcfcy@mail.ru,ajgvkj@mail.ru
568,mwamgqlv@mail.ru,kcbkfb@mail.ru
569,mwaiw@mail.ru,dxwuiewggfxnhoh@mail.ru
570,jqkcckx@mail.ru,tpogyqlr@mail.ru
571,xgkzazmldfs@mail.ru,wobunnz@mail.ru
572,iarzbnpmfijvne@mail.ru,lykgm@mail.ru
573,axsbsqid@mail.ru,bzlgdzmejo@mail.ru
574,jekkx@mail.ru,fwtwux@mail.ru
575,qlzktqgeqgwtj@mail.ru,mnggfx@mail.ru
576,fgdaap@mail.ru,zjncnk@mail.ru
577,dgsvbtoj@mail.ru,gyuxorkjpkewnvt@mail.ru
578,mtlskwzuuzsc@mail.ru,pxeucdljpbouj@mail.ru
579,bbszfeuh@mail.ru,augocmgh@mail.ru
580,tdxcjsuvp@mail.ru,gtlyoph@mail.ru
581,hjyinnazgomcmnh@mail.ru,eypronnugb@mail.ru
582,vjudwzrwwzlgteh@mail.ru,dcwawxdd@mail.ru
583,wjyyuvmk@mail.ru,ydxdefeznjey@mail.ru
584,ycltuiw@mail.ru,ewksyjwqzlom@mail.ru
585,vsneyppjwunmf@mail.ru,zvlvnqraedn@mail.ru
586,xzjpenu@mail.ru,alm@mail.ru
587,bsexpzckhlwmj@mail.ru,wcype@mail.ru
588,gpmylwwznr@mail.ru,ajugf@mail.ru
589,edcgjeidjnho@mail.ru,ymkqel@mail.ru
590,jniyzhofllvwqt@mail.ru,gwvllatstdjzap@mail.ru
591,bsuspptfcoej@mail.ru,okgv@mail.ru
592,srrnkhbjd@mail.ru,cvdzkz@mail.ru
593,xhxfgldcgfxk@mail.ru,kckwlvkdlypku@mail.ru
594,pbhzxuxcktu@mail.ru,sjoexju@mail.ru
595,uynpstjzshby@mail.ru,qwllhfq@mail.ru
596,aguwo@mail.ru,mwyviqkgnnm@mail.ru
597,pwcxgihqk@mail.ru,bidecrjp@mail.ru
598,fzrpja@mail.ru,khh@mail.ru
599,lvdqxojx@mail.ru,hfipwihlzlp@mail.ru
600,svfjhprlw@mail.ru,ybdqikltm@mail.ru
601,htfvf@mail.ru,selvdlgfwwiggt@mail.ru
602,rcw@mail.ru,idusvznvehaa@mail.ru
603,iyf@mail.ru,xivfkrdc@mail.ru
604,wwruyxgl@mail.ru,idthogkrwatnv@mail.ru
605,vfskpbuccssz@mail.ru,oaarlhrwvveqxs@mail.ru
606,ijnjmmkr@mail.ru,ptddkwll@mail.ru
607,qyvcmkymqzvk@mail.ru,catp@mail.ru
608,iikbt@mail.ru,wytbjrsodpf@mail.ru
609,teewres@mail.ru,fzeviidnevp@mail.ru
610,czvybaknszy@mail.ru,xfcf@mail.ru
611,jvycznwgv@mail.ru,wvugfpixzmi@mail.ru
612,scjffk@mail.ru,gvj@mail.ru
613,jcysngo@mail.ru,bjrxvo@mail.ru
614,bpauxue@mail.ru,qla@mail.ru
615,zbmlyn@mail.ru,rqdfxa@mail.ru
616,zepr@mail.ru,jmqvit@mail.ru
617,ilqyxxzcie@mail.ru,irfnwy@mail.ru
618,wpcsthc@mail.ru,quhsdxyoanjpjhw@mail.ru
619,bwjbvuuhvdmtd@mail.ru,glvr@mail.ru
620,bmuuvcfxqjdjsgm@mail.ru,rccz@mail.ru
621,jkncc@mail.ru,jatvlojvjftbilv@mail.ru
622,euhtgfq@mail.ru,hjnyrsxqvr@mail.ru
623,lamjdjjvk@mail.ru,tkdewpefsmewf@mail.ru
624,lhkfzrgn@mail.ru,whtxdxyzj@mail.ru
625,eyotfox@mail.ru,jfqr@mail.ru
626,lxophlkpgyhe@mail.ru,xbksvotkelzb@mail.ru
627,wdsn@mail.ru,neguvbxji@mail.ru
628,piausmefbkchtav@mail.ru,mrboe@mail.ru
629,ktzxokslcjawg@mail.ru,rvfompxlsuoa@mail.ru
630,kmqsb@mail.ru,enbfpqwk@mail.ru
631,vmuosnde@mail.ru,dwsmig@mail.ru
632,pxddzfstulid@mail.ru,ehvhywymy@mail.ru
633,yjjbbu@mail.ru,fgqdq@mail.ru
634,khpkbx@mail.ru,ooyllohvgxnkoxc@mail.ru
635,rzumpqnwzwir@mail.ru,tur@mail.ru
636,hbfkajzjoj@mail.ru,nhakrtsrrcu@mail.ru
637,qpurqcvdthi@mail.ru,kwxxkfj@mail.ru
638,bgxhrjatu@mail.ru,uuiakeoktzyaxz@mail.ru
639,npzw@mail.ru,gdjhfqoqwis@mail.ru
640,fbkyessxgptyy@mail.ru,aebjtpq@mail.ru
641,hukjakrfrhmgw@mail.ru,pddv@mail.ru
642,mcjbean@mail.ru,guzlohwcmcyawj@mail.ru
643,hvontvwekhnhtld@mail.ru,dnj@mail.ru
644,qdjjgty@mail.ru,blz@mail.ru
645,xtksmrgypajtphv@mail.ru,zqdkxqer@mail.ru
646,hljetfzqtcr@mail.ru,rzttjisyrg@mail.ru
647,narisjitlcgbyl@mail.ru,ondrukhnfhik@mail.ru
648,xkxowyeqjtts@mail.ru,dsuha@mail.ru
649,hqmw@mail.ru,aurnqpszoh@mail.ru
650,udcr@mail.ru,xmqkfpwzzit@mail.ru
651,nytutyujnyfglk@mail.ru,sksetrdsdtu@mail.ru
652,mxhgmqeqlfgvnig@mail.ru,ulfjrt@mail.ru
653,txbkcva@mail.ru,buxgdfscgavlmw@mail.ru
654,kykbinsbq@mail.ru,okcyr@mail.ru
655,ajum@mail.ru,mydhdnpisk@mail.ru
656,pwyxxiqxo@mail.ru,paci@mail.ru
657,rxnyrwuptkigow@mail.ru,yscemvez@mail.ru
658,sdfktmvcpkx@mail.ru,qtssshurpexjvp@mail.ru
659,lawyvyfulfd@mail.ru,pwa@mail.ru
660,clsvy@mail.ru,irkrsppgzupyv@mail.ru
661,iwuwkcphhccjm@mail.ru,mrcygkb@mail.ru
662,zrjq@mail.ru,izxdbwrppvcguzs@mail.ru
663,jljqr@mail.ru,hbizsaydowvrnvr@mail.ru
664,qepaocx@mail.ru,brorkw@mail.ru
665,wmrqorctfljc@mail.ru,npf@mail.ru
666,kxg@mail.ru,zhjwivfvz@mail.ru
667,yzvvwfp@mail.ru,ahomwnvhtzvlliu@mail.ru
668,xwvvxqw@mail.ru,ahb@mail.ru
669,nqtzs@mail.ru,ubqkxeefhkq@mail.ru
670,ondrxhsczn@mail.ru,mbzfmlszn@mail.ru
671,tkqilmudnrbh@mail.ru,nwmuvawvzvcbtvr@mail.ru
672,qoytdgstskvgpiq@mail.ru,dvbgebptennfag@mail.ru
673,ihdkmoewsvtra@mail.ru,mfl@mail.ru
674,umqkaxrrrmvmsty@mail.ru,fbkvkrzwnjgk@mail.ru
675,xsprjakbzzs@mail.ru,zzpnvqld@mail.ru
676,xgnxmmwf@mail.ru,jclatlbsnizstgn@mail.ru
677,hvqvxmn@mail.ru,ambyyq@mail.ru
678,mpmubznlpxawn@mail.ru,jcfwipk@mail.ru
679,wstkvncuvphsee@mail.ru,igduuwyedzpz@mail.ru
680,azebarmvhcdc@mail.ru,yhbqh@mail.ru
681,utp@mail.ru,gwkzkke@mail.ru
682,tpgc@mail.ru,tyzipgyzswzw@mail.ru
683,jbtqiltexo@mail.ru,zld@mail.ru
684,ixafclfbkz@mail.ru,pyf@mail.ru
685,rjfedkvw@mail.ru,tvpwcswbzc@mail.ru
686,jaurv@mail.ru,bkhpm@mail.ru
687,kllvvoxmxuuqa@mail.ru,alkibdbhswjt@mail.ru
688,vcjwwajiif@mail.ru,nkvgqa@mail.ru
689,olfaufdod@mail.ru,gjygyahvlw@mail.ru
690,pjcsbvnoq@mail.ru,qaqgqzgdbzpewg@mail.ru
691,norbtc@mail.ru,hckxaiprmelp@mail.ru
692,scmzvctpqiomt@mail.ru,occhzamlyq@mail.ru
693,gncovs@mail.ru,qqioakqo@mail.ru
694,bmxrmsbygi@mail.ru,yrujkmutg@mail.ru
695,ifgc@mail.ru,rljdmllorl@mail.ru
696,cckxkrmvtubjtx@mail.ru,cubxbgl@mail.ru
697,qkhlbtjntiwr@mail.ru,gguiodiuvxubxgc@mail.ru
698,axvbwejnocpjfs@mail.ru,iofiae@mail.ru
699,xig@mail.ru,jrx@mail.ru
700,nobepebzos@mail.ru,cucckmqmxsba@mail.ru
701,rqkr@mail.ru,yhtxfj@mail.ru
702,owthluub@mail.ru,kgvobtsfdlwh@mail.ru
703,dqxkeerjionnmm@mail.ru,ils@mail.ru
704,ueymubfglyfft@mail.ru,bggqvmc@mail.ru
705,abewwtzeebw@mail.ru,eemxw@mail.ru
706,xwbsnlzfnksxdz@mail.ru,ysxckgsniyqcqr@mail.ru
707,pltpzkwoygidowo@mail.ru,fpvzboieloqsqc@mail.ru
708,tmvdhrofj@mail.ru,wtitjb@mail.ru
709,veilqhk@mail.ru,bkevnugqyfx@mail.ru
710,eabdvclfqdwgql@mail.ru,rkt@mail.ru
711,linwtpxjxejh@mail.ru,nxghnfh@mail.ru
712,cnuvsgbqx@mail.ru,ghw@mail.ru
713,cbchyo@mail.ru,hjdlvtz@mail.ru
714,tqehmvqfjo@mail.ru,xsg@mail.ru
715,vvfb@mail.ru,gtgluynrmfjcn@mail.ru
716,wmgfnsi@mail.ru,fbzo@mail.ru
717,dfjuiastf@mail.ru,tbxhlc@mail.ru
718,qxmqict@mail.ru,qaifhex@mail.ru
719,gzamtkqaqjaxxu@mail.ru,mdxzrxrndghxnos@mail.ru
720,mgv@mail.ru,azvypikpsdxojvb@mail.ru
721,npr@mail.ru,mvbpwbkgwnefebn@mail.ru
722,qetgm@mail.ru,wuhdpwmpxilou@mail.ru
723,kaemiktfo@mail.ru,clj@mail.ru
724,qbagfatwrdptbr@mail.ru,pkngcsntfaopc@mail.ru
725,dvpe@mail.ru,eokzljkprsajovi@mail.ru
726,imiq@mail.ru,cxytmfpupqfhsct@mail.ru
727,nrmjep@mail.ru,kmcomobyrelwtnc@mail.ru
728,oukq@mail.ru,repjcfrtyoq@mail.ru
729,qbqonrqtpkilac@mail.ru,cpijqise@mail.ru
730,beocow@mail.ru,geslsffcylgt@mail.ru
731,ffgd@mail.ru,fsiwqrumwlj@mail.ru
732,gjmr@mail.ru,ndvr@mail.ru
733,tzrjuhg@mail.ru,dnqanacdjiyy@mail.ru
734,amze@mail.ru,ovbugoc@mail.ru
735,gnyinlbvt@mail.ru,bachgzsodmvh@mail.ru
736,ihzlvalyz@mail.ru,fxkapx@mail.ru
737,bfxnamak@mail.ru,vwzngwqua@mail.ru
738,yvzfj@mail.ru,gacrciejychlhgo@mail.ru
739,zuqodwxbfack@mail.ru,mskruydrzkjxn@mail.ru
740,jtibhmkruqfdvv@mail.ru,npagceifmnuij@mail.ru
741,mqyfqfweetyzxvd@mail.ru,zsvccnphmyyulyf@mail.ru
742,jsjru@mail.ru,nxyzv@mail.ru
743,sijrvs@mail.ru,zoz@mail.ru
744,zcvj@mail.ru,mnhunzxuyrtje@mail.ru
745,bpewtxfb@mail.ru,deoazvwy@mail.ru
746,hypoxphngwj@mail.ru,mcbovvmcsbtcdr@mail.ru
747,ukp@mail.ru,bvhjejk@mail.ru
748,edstqreai@mail.ru,jtahqnhslqjgkx@mail.ru
749,rorvzvfhckchxbn@mail.ru,kekm@mail.ru
750,awynswod@mail.ru,iehhrkszsw@mail.ru
751,uwg@mail.ru,flrpvmgfplljnxe@mail.ru
752,cxcurqz@mail.ru,gfwywvfty@mail.ru
753,umjmui@mail.ru,rrdykmkoz@mail.ru
754,ynwvik@mail.ru,rptdgvni@mail.ru
755,yqaasvruvcszyic@mail.ru,sckjgjsifmd@mail.ru
756,xllortnmsubrn@mail.ru,tvlsoaycmiivkx@mail.ru
757,bkud@mail.ru,kenhpfuqxolw@mail.ru
758,fyjzfhc@mail.ru,pnp@mail.ru
759,rkhljsmpjywuw@mail.ru,qfemijcrirv@mail.ru
760,waa@mail.ru,jnxdnoqbj@mail.ru
761,yuvieltmvadcqw@mail.ru,vzzjameqdzzmli@mail.ru
762,vctcszllu@mail.ru,ettjlehngbjb@mail.ru
763,byikmck@mail.ru,axmthjpxzujrxus@mail.ru
764,opyd@mail.ru,pkqgnmupax@mail.ru
765,adsmzrb@mail.ru,yqtskeraji@mail.ru
766,sqidjsqj@mail.ru,foaxsbrjsljqzd@mail.ru
767,dopbhtlxdu@mail.ru,uothqcwyv@mail.ru
768,pgybcyabfa@mail.ru,pheaqmhmjdk@mail.ru
769,puvczydlpzuui@mail.ru,rho@mail.ru
770,tbvhrlozpju@mail.ru,yfer@mail.ru
771,rcegoead@mail.ru,dyderofvnyvb@mail.ru
772,myvkhfcqcno@mail.ru,jqyxzrornzsb@mail.ru
773,xmaex@mail.ru,bakljqvv@mail.ru
774,wxh@mail.ru,kxhqjzdd@mail.ru
775,eho@mail.ru,lsvv@mail.ru
776,pmmfmhflvhlmp@mail.ru,wuxsfnui@mail.ru
777,padosjr@mail.ru,egtzbtqw@mail.ru
778,dumvq@mail.ru,mxksxfxeebyvbc@mail.ru
779,uexzrwrfh@mail.ru,hmmniglwdivze@mail.ru
780,baffnsapufg@mail.ru,vnl@mail.ru
781,fuz@mail.ru,zalcyjfms@mail.ru
782,lvcaosd@mail.ru,kmuensu@mail.ru
783,ponxzhwpboliyx@mail.ru,trsfepapedjsrk@mail.ru
784,myzcnlg@mail.ru,benlkvte@mail.ru
785,led@mail.ru,sehms@mail.ru
786,iockxvggpalovui@mail.ru,ulwqp@mail.ru
787,nbjuqp@mail.ru,nozmvoogdlnvbb@mail.ru
788,gutdksl@mail.ru,sgscdrlrhqvfztq@mail.ru
789,yjnrdja@mail.ru,aefsiparhtxremm@mail.ru
790,bigafcvh@mail.ru,rvbzhhaze@mail.ru
791,katxxcig@mail.ru,phkppxvkeoaurw@mail.ru
792,hhg@mail.ru,wzaadxrihnmggx@mail.ru
793,zqnsl@mail.ru,twaokrp@mail.ru
794,vxldqjfoq@mail.ru,gfqbsjok@mail.ru
795,sjwilfrylsjebc@mail.ru,kuls@mail.ru
796,uornhwhcra@mail.ru,dqeao@mail.ru
797,nngaz@mail.ru,olokjpu@mail.ru
798,zfvaamiujjptlh@mail.ru,zjbnqxwpim@mail.ru
799,pdtywtsn@mail.ru,jfpxxporhow@mail.ru
800,wnm@mail.ru,qrzpfjfbc@mail.ru
801,eivmlghokxn@mail.ru,exvimskardqvu@mail.ru
802,refahuotq@mail.ru,kihqjeidcbnqxi@mail.ru
803,hobt@mail.ru,twyua@mail.ru
804,phtmxsi@mail.ru,ucamkabvhbodjb@mail.ru
805,qzzojgvw@mail.ru,keiwbb@mail.ru
806,kiwbmyi@mail.ru,tscsjjzyvbucjij@mail.ru
807,qdregm@mail.ru,acodsfywojnihxb@mail.ru
808,xxku@mail.ru,dodipmrkkpyj@mail.ru
809,dnsfkfzxyqnmv@mail.ru,iasqgmmt@mail.ru
810,dkp@mail.ru,wfpgbc@mail.ru
811,xvrgoxb@mail.ru,ruwekzym@mail.ru
812,fsoedthut@mail.ru,txapyewvltyy@mail.ru
813,otieunlxpmtobvl@mail.ru,dbaifcplxdvy@mail.ru
814,lxdvrk@mail.ru,parxznw@mail.ru
815,hdjytfiddhkvycq@mail.ru,pdpuxsdu@mail.ru
816,bwchgzjbqqrr@mail.ru,yzrudbsfsqb@mail.ru
817,fpbhx@mail.ru,uaqxr@mail.ru
818,bkydqve@mail.ru,dxhq@mail.ru
819,gbgugx@mail.ru,uyojhm@mail.ru
820,yzbnbdjddw@mail.ru,znchthduanywgg@mail.ru
821,fbhccicu@mail.ru,olcmnyb@mail.ru
822,ado@mail.ru,ufctmiygnnb@mail.ru
823,hjld@mail.ru,uplpwwhvma@mail.ru
824,wtbxlrphfyb@mail.ru,ril@mail.ru
825,tksigrdslfimsm@mail.ru,tjpubcwuvqcq@mail.ru
826,luylmqwgndhrvv@mail.ru,nbzpc@mail.ru
827,lfijjlkashyfx@mail.ru,hrhkfcwkr@mail.ru
828,fjjalcyrks@mail.ru,hqr@mail.ru
829,dcisoh@mail.ru,ikgsbzssfcv@mail.ru
830,upnemrjjbwqsum@mail.ru,juwdvirqmcwsjzm@mail.ru
831,nxjqzk@mail.ru,gmsntdbmzusysxo@mail.ru
832,hpeixqoaejrpv@mail.ru,ncvnhg@mail.ru
833,vshciqjvm@mail.ru,fwilpcqnka@mail.ru
834,iovwlwfsu@mail.ru,ynm@mail.ru
835,zjrmtrb@mail.ru,ncb@mail.ru
836,ffcvssdrnxz@mail.ru,vvsokchstvip@mail.ru
837,bbjcektn@mail.ru,usyspezyidast@mail.ru
838,keeubhfgmu@mail.ru,svfzvqakakfhdc@mail.ru
839,nlfrbctraysd@mail.ru,hqdbztgfrpnry@mail.ru
840,jywkcg@mail.ru,yeic@mail.ru
841,bpuoasuqwpigyp@mail.ru,rvwr@mail.ru
842,vuzsboctyhqcf@mail.ru,bemypnsjxejk@mail.ru
843,seunqroqrsci@mail.ru,lxziqnlskwohco@mail.ru
844,itybbnnxh@mail.ru,iewqfiszkr@mail.ru
845,ndhr@mail.ru,lpxgibbvfacqfjt@mail.ru
846,soddqunr@mail.ru,dpgcmiy@mail.ru
847,pbcgggj@mail.ru,ktwgtyesftbm@mail.ru
848,gyofel@mail.ru,ciahs@mail.ru
849,unrjdhojsh@mail.ru,ekvdcss@mail.ru
850,znsipzuttn@mail.ru,tvdfszuuwnwqa@mail.ru
851,jkcimfxop@mail.ru,mkynfnbw@mail.ru
852,sxedzu@mail.ru,iqeaiela@mail.ru
853,faswkpxccunoob@mail.ru,jtgsqonjlvkffan@mail.ru
854,jgebpyy@mail.ru,jvzgfmenlwobyac@mail.ru
855,jfpkqj@mail.ru,tdaqbtwgkyom@mail.ru
856,aoyigw@mail.ru,druhwwrn@mail.ru
857,kxz@mail.ru,zzsdl@mail.ru
858,jdadlyxajcdrmq@mail.ru,cjodkemgsegu@mail.ru
859,nibdgb@mail.ru,wcfbbyl@mail.ru
860,rloztjupuonia@mail.ru,beggycxsyrsj@mail.ru
861,jftqdgzqnkg@mail.ru,sqaqesrpldzzoc@mail.ru
862,kzjix@mail.ru,frhq@mail.ru
863,bulcjyplcuz@mail.ru,jdjpttjbsupxj@mail.ru
864,pjoukx@mail.ru,ioztfwjgwb@mail.ru
865,riitijrp@mail.ru,fjdiouk@mail.ru
866,lsswj@mail.ru,khne@mail.ru
867,zae@mail.ru,covaukhqaxzuzar@mail.ru
868,xmnniordwcrioe@mail.ru,jzcukovfp@mail.ru
869,docwclctaovz@mail.ru,snikaeakz@mail.ru
870,yltawmyxvoblhn@mail.ru,zjoierstoc@mail.ru
871,iqxa@mail.ru,gcuncia@mail.ru
872,qek@mail.ru,ejpqvzgjjayyqp@mail.ru
873,mlnirdckux@mail.ru,vahntddf@mail.ru
874,tofhmllqvp@mail.ru,fmjsgcsmybasge@mail.ru
875,gfg@mail.ru,xahgxgcdtrf@mail.ru
876,zzzbydsgdqh@mail.ru,syb@mail.ru
877,wsberx@mail.ru,rihgn@mail.ru
878,cwzqaubtcxoh@mail.ru,achxtcz@mail.ru
879,duqlbjkxcumnp@mail.ru,akfxbjdjgp@mail.ru
880,vrhf@mail.ru,jafn@mail.ru
881,raxngsgbysphiy@mail.ru,ezmcexgsyydkzfy@mail.ru
882,ffoswsix@mail.ru,aflbymlmcuuxfe@mail.ru
883,bvncdnnmjls@mail.ru,gbifm@mail.ru
884,dbvqwthn@mail.ru,szdj@mail.ru
885,gijvfymccbwnw@mail.ru,nlzwawcl@mail.ru
886,rqxfmvlvcchncnv@mail.ru,skhgl@mail.ru
887,tasunjyvmrntl@mail.ru,bmdnlmrk@mail.ru
888,ywxwpslllptsspa@mail.ru,znpzsthg@mail.ru
889,acydtdfkpsutnd@mail.ru,ywupwbpdma@mail.ru
890,zfviojnayyi@mail.ru,frln@mail.ru
891,nuvhhaxf@mail.ru,zyspreazgof@mail.ru
892,sdnpi@mail.ru,qxqlpul@mail.ru
893,brdvwkjtpcvqo@mail.ru,etruqozwqil@mail.ru
894,wvjzvugtjqhhyeb@mail.ru,uydkbstufgddjje@mail.ru
895,qmnc@mail.ru,scn@mail.ru
896,bwh@mail.ru,mjyhumketnqppa@mail.ru
897,laaokitvn@mail.ru,tzhdujozfzlw@mail.ru
898,czqvcr@mail.ru,qqimehfsnvsugd@mail.ru
899,cwgmzadmrdx@mail.ru,iyvzk@mail.ru
900,wnmsigeacfdjmbi@mail.ru,fzmtarbneksjkuo@mail.ru
901,jlzvwznjf@mail.ru,odfvrjonp@mail.ru
902,hpzljfru@mail.ru,zbvl@mail.ru
903,hjltsdqfavsjblo@mail.ru,hriaoxjumq@mail.ru
904,ftbz@mail.ru,ijcthmmczo@mail.ru
905,bxffjdjzka@mail.ru,cub@mail.ru
906,pukosvuilf@mail.ru,ymvnpenyseakvp@mail.ru
907,qekipejxsxtexnc@mail.ru,qwqrjtcxjtis@mail.ru
908,jmaai@mail.ru,uwwbmrbvnf@mail.ru
909,uziwrhkijdaxh@mail.ru,kmzjqfjcnb@mail.ru
910,gakqocoehgk@mail.ru,rfcbmdsypp@mail.ru
911,ivptyq@mail.ru,blx@mail.ru
912,hpmsiol@mail.ru,aolttrvn@mail.ru
913,rqndkndrf@mail.ru,dmnbynlxrmslyk@mail.ru
914,ifdifhyy@mail.ru,fcwonckb@mail.ru
915,fgxtslkozufj@mail.ru,hrgu@mail.ru
916,rjwlugcbmf@mail.ru,oilcakg@mail.ru
917,ewfwnpqfo@mail.ru,garjsx@mail.ru
918,shvumojdamah@mail.ru,shlpgsuqsaggjdj@mail.ru
919,nljtdvcmnshth@mail.ru,btuvtch@mail.ru
920,nwhvnufqokvp@mail.ru,gvtlqnrpwfz@mail.ru
921,dllnz@mail.ru,cfuunkjjjryqon@mail.ru
922,xwsv@mail.ru,ksnrspcglihmngp@mail.ru
923,xnu@mail.ru,pvwabtdqk@mail.ru
924,bgnhtwlef@mail.ru,ewtmsdmrko@mail.ru
925,gkzn@mail.ru,oddbm@mail.ru
926,iytixcaou@mail.ru,nxz@mail.ru
927,qvksccvc@mail.ru,ztlhnkz@mail.ru
928,xgmzwt@mail.ru,pfrsoaikkl@mail.ru
929,wcxg@mail.ru,beeebedyin@mail.ru
930,ubhrqxxctzjtty@mail.ru,sjrkmyhokokgc@mail.ru
931,pnfqcctcgvlcs@mail.ru,zmteviapxsemkqx@mail.ru
932,wmrrbvtwseqdp@mail.ru,jijpckevparn@mail.ru
933,ouc@mail.ru,lgw@mail.ru
934,jos@mail.ru,pgwwufcn@mail.ru
935,dygohdvfyky@mail.ru,gfpkvjkwjbip@mail.ru
936,jczfwowa@mail.ru,lpcwklzd@mail.ru
937,xtpz@mail.ru,hiwuubgphgrlisz@mail.ru
938,kgibw@mail.ru,sbeuqe@mail.ru
939,varuwzxl@mail.ru,nrfgdk@mail.ru
940,orsiofizd@mail.ru,sxvmgdrwefgw@mail.ru
941,yivgqrf@mail.ru,wwgmqambek@mail.ru
942,palbfur@mail.ru,nlqztidf@mail.ru
943,umgwnw@mail.ru,shfiltavpx@mail.ru
944,gzlxhdkyrxspmx@mail.ru,anvzuelrhingbiy@mail.ru
945,yscybjvkyvhs@mail.ru,iogmywdftxz@mail.ru
946,wvoyhb@mail.ru,nmkg@mail.ru
947,ozrc@mail.ru,zsxqlrk@mail.ru
948,yxnwho@mail.ru,hjumbpc@mail.ru
949,ild@mail.ru,smxxthobtpo@mail.ru
950,ffukxvgi@mail.ru,fdjpai@mail.ru
951,xcpvsk@mail.ru,ncjyxyv@mail.ru
952,edhozysoe@mail.ru,wiemifxjygle@mail.ru
953,qynyrub@mail.ru,bsabtub@mail.ru
954,wxlpxxerxouwdr@mail.ru,vrbsdonjqbytm@mail.ru
955,xxjmvctcul@mail.ru,pvtz@mail.ru
956,nedlzppt@mail.ru,zgdjoqcuictmjct@mail.ru
957,deegnuosamogmfv@mail.ru,koeipwnskgwfz@mail.ru
958,vcj@mail.ru,hiyn@mail.ru
959,lpeaieadetvgg@mail.ru,nmgrjxdodoyqzr@mail.ru
960,wyugdb@mail.ru,zhr@mail.ru
961,cxu@mail.ru,gqg@mail.ru
962,eycyjhtvjqoclvn@mail.ru,ubxtyvzmll@mail.ru
963,aftgsncrveicqkv@mail.ru,mjkkrith@mail.ru
964,wjbkxecqxtg@mail.ru,stll@mail.ru
965,cezrmz@mail.ru,aquig@mail.ru
966,rjnlbybe@mail.ru,bezlwcse@mail.ru
967,cddlfulcqrtw@mail.ru,jfahywydxyn@mail.ru
968,vcbuohgmkldaos@mail.ru,iedngwoorhmie@mail.ru
969,zwhd@mail.ru,spggf@mail.ru
970,zeidjfpwnwfx@mail.ru,butlw@mail.ru
971,tozzter@mail.ru,rlmor@mail.ru
972,uiwihlsy@mail.ru,jfdkh@mail.ru
973,nhcbamyosg@mail.ru,wsqoixwkistwfe@mail.ru
974,gmqfnfstvmmq@mail.ru,loaskaxfffubth@mail.ru
975,kdnmbeyuwrigsyc@mail.ru,tapldtckz@mail.ru
976,kwygouj@mail.ru,wegmsskiq@mail.ru
977,atndfgssdrtwu@mail.ru,pjkfap@mail.ru
978,vbjo@mail.ru,vjlwwoceoej@mail.ru
979,atzyklsophqvyzy@mail.ru,munvvvjnmrey@mail.ru
980,izscbtyjcabgui@mail.ru,rmrgraujz@mail.ru
981,xmcibfvnvn@mail.ru,zqbzmoxcsr@mail.ru
982,rafwjqod@mail.ru,jcqt@mail.ru
983,neizwxbxjj@mail.ru,rvzxphoxom@mail.ru
984,mimewmudlif@mail.ru,szph@mail.ru
985,lkhjzfdby@mail.ru,psciilxnn@mail.ru
986,ubmsxnkxy@mail.ru,eenlybtf@mail.ru
987,jjosbjdouzegjw@mail.ru,eql@mail.ru
988,uikidqsruwzzd@mail.ru,xjpfzo@mail.ru
989,ptl@mail.ru,zjrkptockkutw@mail.ru
990,acblbbtpihm@mail.ru,dpqphmmbwi@mail.ru
991,nawl@mail.ru,idjggeoxd@mail.ru
992,xeskkqspnbs@mail.ru,ksp@mail.ru
993,arnss@mail.ru,mjce@mail.ru
994,bgsxhvrlqw@mail.ru,nzvxddnkchy@mail.ru
995,vlmvnyry@mail.ru,vjqjfyoiqhzsv@mail.ru
996,ommykdzfpkxwd@mail.ru,cnpjmlqkgj@mail.ru
997,kzpkc@mail.ru,dktddv@mail.ru
998,phaflimi@mail.ru,pnnkoahcob@mail.ru
999,jdpss@mail.ru,viutewgdvsa@mail.ru
